cpu_speed,volts,cpu_pct,load_avg,temp
2.40002048,0.8915,25.0,0.89,47.7
2.40002048,0.8915,0.9,0.89,46.6
2.400033792,0.8915,1.9,0.89,46.1
2.400033792,0.8915,5.6,0.89,46.1
2.400027136,0.8915,0.9,0.89,46.6
2.400027136,0.8915,1.9,0.89,47.2
2.40002048,0.8915,0.0,0.89,47.2
2.400027136,0.8915,1.9,0.89,46.1
2.40002048,0.8915,0.0,0.89,47.2
2.400027136,0.8915,0.9,0.82,46.6
2.400027136,0.8915,1.0,0.82,45.5
2.400033792,0.8915,0.0,0.82,47.2
2.400027136,0.8915,0.0,0.82,46.6
2.400033792,0.8915,0.0,0.82,46.6
2.40002048,0.8915,3.8,0.82,48.3
2.400017408,0.8915,0.0,0.82,47.2
2.40003712,0.8915,1.9,0.82,46.6
2.400027136,0.8915,0.0,0.82,47.2
1.600013696,0.7815,1.9,0.82,45.5
1.5000128,0.75,0.9,0.82,46.6
1.5000128,0.75,0.9,0.82,46.6
1.5000128,0.8915,0.0,0.82,45.0
1.500022656,0.75,0.9,0.82,46.1
1.500019456,0.75,0.0,0.82,46.1
1.500009472,0.75,0.0,0.82,46.1
1.5000128,0.8915,1.9,0.82,47.7
1.500019456,0.75,0.0,0.82,46.1
1.500019456,0.75,0.9,0.82,46.1
1.500022656,0.75,0.9,0.75,45.5
1.5000128,0.75,2.8,0.75,46.6
1.500016128,0.75,0.9,0.75,45.0
1.500016128,0.75,1.9,0.75,45.5
1.500016128,0.7815,0.9,0.75,45.5
1.5000128,0.75,1.9,0.75,46.1
1.500022656,0.75,0.0,0.75,46.6
1.500016128,0.75,0.0,0.75,46.1
1.500016128,0.8915,0.9,0.75,46.1
1.5000128,0.75,0.9,0.75,46.6
1.500022656,0.75,0.0,0.75,45.5
1.5000128,0.75,0.9,0.75,45.0
1.600020224,0.75,1.9,0.75,45.0
1.500019456,0.75,1.8,0.75,46.1
1.500016128,0.75,0.0,0.75,45.5
1.500019456,0.8915,1.9,0.75,45.0
1.600013696,0.7815,2.8,0.75,45.5
1.900026112,0.8915,20.9,0.75,47.2
1.700017792,0.7953,10.9,0.85,47.2
1.600020224,0.8915,2.8,0.85,46.6
1.500016128,0.75,1.9,0.85,45.5
1.500016128,0.75,0.9,0.85,46.6
1.700014464,0.8915,14.0,0.85,46.6
1.500009472,0.75,9.3,0.85,46.6
1.500022656,0.75,0.9,0.85,45.5
1.500016128,0.75,1.8,0.85,46.6
1.500016128,0.75,1.9,0.85,44.4
1.500022656,0.75,3.7,0.85,46.6
1.600013696,0.8915,1.9,0.85,46.1
1.500016128,0.75,3.6,0.85,45.5
1.500022656,0.8915,1.9,0.85,47.2
1.600017024,0.75,3.7,0.85,46.6
1.500019456,0.75,0.0,0.85,46.1
1.5000128,0.75,0.0,0.85,45.5
1.600017024,0.7815,1.9,0.85,45.5
1.900019584,0.8915,25.2,0.85,47.2
2.400023808,0.8915,41.9,0.87,47.7
2.400023808,0.8915,3.8,0.87,47.2
2.40002048,0.8915,4.7,0.87,47.2
2.400023808,0.8915,5.6,0.87,46.6
2.400027136,0.8915,0.0,0.87,45.5
2.400023808,0.8915,0.9,0.87,46.6
2.400033792,0.8915,0.9,0.87,47.7
2.400027136,0.8915,0.0,0.87,45.5
2.40002048,0.8915,0.9,0.87,47.7
2.400033792,0.8915,4.7,0.87,46.1
2.400027136,0.8915,3.7,0.87,46.1
2.40003712,0.8915,2.8,0.87,46.6
2.400017408,0.8915,3.7,0.87,45.5
2.400030464,0.8915,1.9,0.87,47.2
2.400023808,0.8915,1.9,0.87,46.1
2.400023808,0.8915,0.9,0.87,47.2
2.400030464,0.8915,0.0,0.87,47.2
2.40003712,0.8915,1.9,0.87,46.6
1.5000128,0.75,0.0,0.87,46.6
1.500019456,0.75,1.8,0.8,47.7
1.500022656,0.8915,0.0,0.8,46.1
1.500019456,0.75,0.9,0.8,46.1
1.500019456,0.75,0.0,0.8,46.6
1.500019456,0.75,0.9,0.8,45.5
1.600013696,0.8915,0.9,0.8,46.6
1.500019456,0.75,0.9,0.8,46.1
1.500019456,0.75,0.9,0.8,45.5
1.500019456,0.75,0.0,0.8,45.5
1.600023552,0.7815,1.9,0.8,46.6
1.5000128,0.75,0.9,0.8,46.1
1.500016128,0.75,0.9,0.8,45.0
1.500019456,0.75,0.9,0.8,45.0
1.600020224,0.75,1.9,0.8,44.4
1.5000128,0.75,0.0,0.8,45.5
1.500022656,0.75,0.0,0.8,45.0
1.500022656,0.8915,0.9,0.8,46.1
1.700014464,0.8915,8.3,0.8,46.1
1.800018688,0.8915,10.9,0.8,46.6
1.500019456,0.8915,5.3,1.13,46.1
1.500016128,0.75,5.5,1.13,46.1
1.90002944,0.8228,12.0,1.13,46.6
1.600013696,0.8915,1.9,1.13,46.1
1.5000128,0.8915,1.9,1.13,45.5
2.400030464,0.8915,38.7,1.13,47.7
2.400033792,0.8915,25.7,1.13,48.3
2.40002048,0.8915,29.5,1.13,46.6
2.400030464,0.8915,23.1,1.13,47.7
2.40002048,0.8915,24.5,1.13,46.6
2.40002048,0.8915,23.6,1.13,47.7
2.40002048,0.8915,0.0,1.13,46.6
2.400023808,0.8915,1.9,1.13,47.2
2.400030464,0.8915,0.0,1.13,47.7
2.40002048,0.8915,0.9,1.13,47.2
2.400027136,0.8915,0.0,1.13,45.0
2.400027136,0.8915,1.9,1.13,47.2
2.400033792,0.8915,0.9,1.13,45.5
2.400033792,0.8915,0.0,1.04,47.2
2.400023808,0.8915,0.9,1.04,46.1
2.400023808,0.8915,1.9,1.04,45.5
2.400033792,0.8915,0.0,1.04,47.2
2.40002048,0.8915,0.9,1.04,47.2
2.40002048,0.8915,1.9,1.04,46.1
1.500009472,0.75,0.0,1.04,46.6
1.500022656,0.75,0.9,1.04,45.5
1.500022656,0.75,0.9,1.04,46.1
1.600010368,0.7815,1.9,1.04,45.5
1.600020224,0.8915,4.7,1.04,47.2
1.600017024,0.8915,8.6,1.04,46.1
1.600020224,0.7815,5.6,1.04,46.6
1.600013696,0.75,1.9,1.04,45.0
1.500016128,0.75,0.0,1.04,46.1
1.700017792,0.8915,10.5,1.04,47.2
1.700024448,0.8915,11.1,1.04,47.7
1.700024448,0.8915,10.3,1.04,47.2
2.400030464,0.8915,20.2,1.04,46.6
2.400033792,0.8915,6.6,0.96,46.1
2.400033792,0.8915,11.9,0.96,47.7
2.400033792,0.8915,8.4,0.96,47.2
2.400023808,0.8915,2.9,0.96,46.6
2.400030464,0.8915,1.9,0.96,47.2
2.400030464,0.8915,8.5,0.96,47.7
2.40002048,0.8915,11.2,0.96,47.7
2.400030464,0.8915,6.7,0.96,46.1
2.400023808,0.8915,9.2,0.96,47.7
2.40002048,0.8915,31.1,0.96,48.8
2.40002048,0.8915,35.5,0.96,48.3
2.400030464,0.8915,40.0,0.96,51.0
2.40002048,0.8915,57.4,0.96,49.9
2.400033792,0.8915,65.5,0.96,49.9
2.40003712,0.8915,62.6,0.96,50.5
2.400023808,0.8915,70.3,0.96,49.9
2.400027136,0.8915,63.9,0.96,49.9
2.400017408,0.8915,50.4,0.96,49.9
2.40002048,0.8915,51.4,1.04,50.5
2.40002048,0.8915,49.6,1.04,50.5
2.400033792,0.8915,54.2,1.04,50.5
2.40003712,0.8915,57.0,1.04,49.9
2.40002048,0.8915,58.9,1.04,49.9
2.400017408,0.8915,56.5,1.04,49.4
2.40002048,0.8915,56.1,1.04,48.8
2.400017408,0.8915,72.9,1.04,51.6
2.400030464,0.8915,81.7,1.04,51.6
2.400033792,0.8915,77.4,1.04,50.5
2.400023808,0.8915,75.0,1.04,52.7
2.400030464,0.8915,73.1,1.04,50.5
2.400027136,0.8915,75.5,1.04,52.1
2.400027136,0.8915,84.4,1.04,52.7
2.40002048,0.8915,89.4,1.04,52.1
2.400033792,0.8915,87.6,1.04,52.1
2.400023808,0.8915,75.5,1.04,51.6
2.400030464,0.8915,77.4,1.04,52.1
2.400033792,0.8915,77.3,1.28,50.5
2.400023808,0.8915,78.0,1.28,52.7
2.400030464,0.8915,89.7,1.28,51.6
2.400030464,0.8915,90.3,1.28,52.1
2.400033792,0.8915,89.8,1.28,52.7
2.400033792,0.8915,92.7,1.28,51.6
2.400023808,0.8915,92.1,1.28,52.7
2.40002048,0.8915,91.1,1.28,52.1
2.40002048,0.8915,91.1,1.28,55.4
2.400033792,0.8915,92.0,1.28,52.7
2.400023808,0.8915,90.9,1.28,53.8
2.400023808,0.8915,90.8,1.28,53.8
2.400023808,0.8915,88.1,1.28,54.3
2.40002048,0.8915,90.0,1.28,53.8
2.40002048,0.8915,84.2,1.28,52.7
2.400027136,0.8915,85.2,1.28,53.8
2.400027136,0.8915,89.3,1.28,55.4
2.400023808,0.8915,89.3,1.28,53.8
2.40003712,0.8915,89.2,1.66,53.8
2.400030464,0.8915,88.2,1.66,55.4
2.400033792,0.8915,91.0,1.66,54.9
2.40002048,0.8915,89.8,1.66,54.3
2.400027136,0.8915,90.0,1.66,52.7
2.40002048,0.8915,90.1,1.66,54.3
2.40002048,0.8915,91.7,1.66,53.2
2.400033792,0.8915,89.9,1.66,53.2
2.400023808,0.8915,86.8,1.66,53.8
2.400017408,0.8915,84.9,1.66,53.2
2.40002048,0.8915,87.2,1.66,53.8
2.400023808,0.8915,85.5,1.66,52.7
2.400017408,0.8915,88.6,1.66,53.2
2.400027136,0.8915,84.4,1.66,53.2
2.400023808,0.8915,83.3,1.66,54.3
2.40002048,0.8915,83.6,1.66,54.3
2.400033792,0.8915,87.3,1.66,54.3
2.400023808,0.8915,88.4,1.66,55.4
2.400017408,0.8915,88.7,2.09,52.7
2.400027136,0.8915,87.3,2.09,53.2
2.400030464,0.8915,88.0,2.09,53.2
2.40002048,0.8915,89.3,2.09,55.4
2.40002048,0.8915,89.8,2.09,53.8
2.400023808,0.8915,90.7,2.09,53.8
2.400033792,0.8915,87.2,2.09,53.8
2.400030464,0.8915,85.5,2.09,54.3
2.40002048,0.8915,85.5,2.09,54.3
2.400030464,0.8915,86.4,2.09,53.2
2.40002048,0.8915,85.5,2.09,53.2
2.400023808,0.8915,85.5,2.09,55.4
2.40002048,0.8915,86.9,2.09,54.3
2.400017408,0.8915,86.8,2.09,54.3
2.400027136,0.8915,88.1,2.09,53.2
2.400023808,0.8915,90.9,2.09,53.2
2.400027136,0.8915,86.8,2.09,55.4
2.400027136,0.8915,89.0,2.09,53.2
2.400017408,0.8915,91.2,2.24,54.9
2.400027136,0.8915,87.2,2.24,54.3
2.400027136,0.8915,87.2,2.24,54.3
2.40003712,0.8915,85.7,2.24,55.4
2.40002048,0.8915,82.2,2.24,54.3
2.400027136,0.8915,85.7,2.24,54.9
2.400023808,0.8915,78.9,2.24,54.9
2.400030464,0.8915,81.3,2.24,56.5
2.400027136,0.8915,85.8,2.24,53.8
2.400023808,0.8915,90.3,2.24,55.4
2.400027136,0.8915,84.7,2.24,53.8
2.40003712,0.8915,86.4,2.24,53.8
2.400023808,0.8915,87.7,2.24,54.9
2.400023808,0.8915,86.4,2.24,53.8
2.400023808,0.8915,88.7,2.24,54.9
2.400023808,0.8915,87.6,2.24,55.4
2.400030464,0.8915,89.6,2.24,53.8
2.40002048,0.8915,89.3,2.24,54.9
2.400023808,0.8915,87.4,2.78,53.8
2.40002048,0.8915,88.0,2.78,54.3
2.400033792,0.8915,91.6,2.78,55.4
2.400017408,0.8915,87.0,2.78,56.0
2.400017408,0.8915,85.1,2.78,55.4
2.40002048,0.8915,86.0,2.78,53.2
2.40002048,0.8915,85.7,2.78,55.4
2.400027136,0.8915,80.9,2.78,54.9
2.400027136,0.8915,89.2,2.78,55.4
2.40003712,0.8915,87.4,2.78,53.8
2.400017408,0.8915,89.7,2.78,55.4
2.400030464,0.8915,89.3,2.78,55.4
2.400027136,0.8915,90.4,2.78,54.3
2.40002048,0.8915,86.8,2.78,55.4
2.400030464,0.8915,63.4,2.78,54.9
2.400023808,0.8915,52.3,2.78,54.9
2.400033792,0.8915,47.7,2.78,54.3
2.400027136,0.8915,42.6,2.78,53.2
2.400023808,0.8915,40.4,2.88,55.4
2.400033792,0.8915,41.0,2.88,52.7
2.400027136,0.8915,39.3,2.88,53.2
2.400017408,0.8915,49.5,2.88,53.8
2.40003712,0.8915,43.8,2.88,52.1
2.400023808,0.8915,9.5,2.88,51.6
2.400033792,0.8915,5.6,2.88,52.1
2.400023808,0.8915,1.9,2.88,52.1
2.400033792,0.8915,1.9,2.88,50.5
2.400023808,0.8915,3.8,2.88,51.6
2.400033792,0.8915,0.9,2.88,51.0
2.40003712,0.8915,10.5,2.88,51.0
2.400033792,0.8915,0.9,2.88,51.0
2.400027136,0.8915,0.0,2.88,50.5
2.400017408,0.8915,0.0,2.88,49.4
2.400023808,0.8915,0.0,2.88,50.5
2.400033792,0.8915,1.9,2.88,49.4
2.400033792,0.8915,0.9,2.88,49.9
1.700017792,0.7953,0.9,2.65,48.3
1.500019456,0.75,0.0,2.65,49.4
1.500019456,0.75,1.9,2.65,49.9
1.600013696,0.7815,2.8,2.65,49.9
2.400023808,0.8915,15.7,2.65,49.4
2.400030464,0.8915,3.7,2.65,49.9
2.400030464,0.8915,0.0,2.65,49.9
2.400030464,0.8915,0.9,2.65,48.3
2.400023808,0.8915,0.0,2.65,49.4
2.400033792,0.8915,1.0,2.65,48.3
2.400023808,0.8915,0.0,2.65,49.4
2.400033792,0.8915,0.0,2.65,49.4
2.400027136,0.8915,2.8,2.65,50.5
2.400017408,0.8915,12.1,2.65,49.4
2.400033792,0.8915,0.0,2.65,48.8
2.400017408,0.8915,0.0,2.65,48.3
2.400033792,0.8915,0.0,2.65,49.9
2.400033792,0.8915,3.7,2.65,49.4
2.400017408,0.8915,0.0,2.65,48.3
2.40002048,0.8915,2.8,2.44,48.3
2.400027136,0.8915,0.9,2.44,49.4
2.400030464,0.8915,0.0,2.44,48.8
2.40003712,0.8915,0.9,2.44,49.4
1.500016128,0.8915,5.6,2.44,49.9
1.600020224,0.7815,11.1,2.44,49.4
1.500022656,0.75,1.8,2.44,48.3
1.500016128,0.75,0.0,2.44,47.2
1.500019456,0.75,0.0,2.44,49.4
1.600010368,0.7815,1.9,2.44,48.3
1.5000128,0.75,0.0,2.44,48.3
1.500016128,0.75,0.0,2.44,48.3
1.700017792,0.8915,8.5,2.44,48.8
1.700017792,0.8915,8.5,2.44,50.5
1.600013696,0.8915,4.7,2.44,48.8
1.600017024,0.8915,9.3,2.44,50.5
1.600013696,0.8915,8.3,2.44,49.4
1.700024448,0.8915,8.3,2.44,47.7
1.600013696,0.8915,5.6,2.44,48.8
2.400023808,0.8915,31.8,2.32,49.9
2.400023808,0.8915,54.7,2.32,51.0
2.400023808,0.8915,76.6,2.32,50.5
2.400033792,0.8915,61.3,2.32,51.0
2.40002048,0.8915,15.7,2.32,50.5
2.400023808,0.8915,17.1,2.32,49.4
2.40002048,0.8915,6.6,2.32,49.4
2.400033792,0.8915,3.8,2.32,49.4
2.40002048,0.8915,2.8,2.32,49.9
2.400023808,0.8915,5.7,2.32,49.9
2.400023808,0.8915,0.0,2.32,49.4
2.400027136,0.8915,0.0,2.32,49.4
2.40002048,0.8915,4.7,2.32,48.8
2.40002048,0.8915,9.3,2.32,49.4
2.400023808,0.8915,18.9,2.32,49.4
2.40003712,0.8915,11.5,2.32,48.3
2.400033792,0.8915,10.4,2.32,51.0
2.400033792,0.8915,10.4,2.32,50.5
1.70002112,0.8915,11.3,2.37,49.9
1.700017792,0.8915,20.4,2.37,49.4
2.400027136,0.8915,61.8,2.37,51.6
2.400017408,0.8915,64.8,2.37,52.1
2.400027136,0.8915,60.4,2.37,53.2
2.40002048,0.8915,66.7,2.37,52.1
2.400023808,0.8915,66.4,2.37,50.5
2.400023808,0.8915,63.7,2.37,53.2
2.40003712,0.8915,67.9,2.37,50.5
2.400033792,0.8915,25.0,2.37,49.9
2.400027136,0.8915,11.1,2.37,49.4
2.400027136,0.8915,36.1,2.37,50.5
2.400027136,0.8915,65.4,2.37,52.1
2.400033792,0.8915,72.7,2.37,51.0
2.400033792,0.8915,76.1,2.37,51.0
2.400023808,0.8915,67.6,2.37,52.7
2.400023808,0.8915,65.5,2.37,52.1
2.400017408,0.8915,67.0,2.37,52.1
2.400023808,0.8915,52.4,2.37,51.0
2.400033792,0.8915,58.7,2.58,52.7
2.400027136,0.8915,53.8,2.58,52.1
2.40002048,0.8915,46.8,2.58,52.1
2.400023808,0.8915,67.9,2.58,51.0
2.400033792,0.8915,90.5,2.58,52.7
2.400027136,0.8915,88.2,2.58,51.6
2.400027136,0.8915,74.5,2.58,52.7
2.400017408,0.8915,49.1,2.58,52.7
2.40003712,0.8915,69.2,2.58,53.2
2.400017408,0.8915,72.0,2.58,53.2
2.40002048,0.8915,99.1,2.58,53.8
2.40002048,0.8915,91.0,2.58,54.3
2.40002048,0.8915,93.6,2.58,53.8
2.40002048,0.8915,98.1,2.58,53.8
2.400023808,0.8915,95.4,2.58,54.3
2.40002048,0.8915,95.5,2.58,53.8
2.400030464,0.8915,89.9,2.58,53.8
2.40002048,0.8915,91.0,2.58,55.4
2.400033792,0.8915,87.0,2.78,53.2
2.40003712,0.8915,89.1,2.78,53.2
2.400033792,0.8915,91.7,2.78,53.2
2.400027136,0.8915,88.6,2.78,53.8
2.400033792,0.8915,97.3,2.78,54.3
2.40002048,0.8915,88.2,2.78,54.9
2.40002048,0.8915,93.7,2.78,53.8
2.400030464,0.8915,95.5,2.78,53.8
2.400033792,0.8915,90.0,2.78,54.9
2.40002048,0.8915,95.5,2.78,53.2
2.40003712,0.8915,90.0,2.78,53.8
2.400023808,0.8915,94.7,2.78,53.8
2.400030464,0.8915,95.6,2.78,54.9
2.40002048,0.8915,94.6,2.78,53.2
2.400033792,0.8915,91.7,2.78,53.8
2.400033792,0.8915,92.5,2.78,54.9
2.400033792,0.8915,93.6,2.78,54.3
2.40003712,0.8915,72.1,2.78,55.4
2.400023808,0.8915,88.2,3.68,54.3
2.400033792,0.8915,78.2,3.68,54.3
2.400027136,0.8915,92.8,3.68,53.8
2.40002048,0.8915,81.9,3.68,54.9
2.400027136,0.8915,87.0,3.68,54.3
2.40002048,0.8915,82.0,3.68,54.3
2.400027136,0.8915,73.1,3.68,53.2
2.40002048,0.8915,94.6,3.68,54.9
2.400027136,0.8915,68.6,3.68,55.4
2.40003712,0.8915,80.6,3.68,54.3
2.400023808,0.8915,49.1,3.68,53.8
2.40002048,0.8915,31.1,3.68,52.7
2.400023808,0.8915,26.9,3.68,52.7
2.400023808,0.8915,34.9,3.68,53.2
2.400027136,0.8915,29.7,3.68,53.2
2.400033792,0.8915,20.2,3.68,51.6
2.400027136,0.8915,26.7,3.68,53.2
2.40003712,0.8915,29.6,3.68,53.2
2.400033792,0.8915,26.6,3.54,51.6
2.400033792,0.8915,29.8,3.54,51.0
2.400023808,0.8915,29.6,3.54,52.1
2.400023808,0.8915,31.4,3.54,51.0
2.400033792,0.8915,33.0,3.54,51.6
2.40002048,0.8915,28.7,3.54,52.1
2.400017408,0.8915,69.0,3.54,52.1
2.40003712,0.8915,98.2,3.54,52.7
2.400023808,0.8915,93.4,3.54,52.7
2.40002048,0.8915,79.0,3.54,53.8
2.400033792,0.8915,60.6,3.54,53.8
2.400023808,0.8915,50.5,3.54,53.2
2.400017408,0.8915,52.8,3.54,53.2
2.400033792,0.8915,81.6,3.54,54.3
2.40002048,0.8915,63.3,3.54,53.8
2.40003712,0.8915,20.8,3.54,51.0
2.40002048,0.8915,21.5,3.54,53.2
2.40002048,0.8915,24.8,3.54,52.1
2.400030464,0.8915,10.6,3.54,50.5
2.40002048,0.8915,61.7,3.34,51.6
2.40002048,0.8915,59.3,3.34,53.8
2.400033792,0.8915,71.2,3.34,52.7
2.40002048,0.8915,74.5,3.34,53.8
2.400023808,0.8915,87.5,3.34,53.8
2.400023808,0.8915,64.3,3.34,55.4
2.400027136,0.8915,60.2,3.34,53.8
2.400033792,0.8915,74.5,3.34,54.3
2.400033792,0.8915,75.2,3.34,53.8
2.40002048,0.8915,73.8,3.34,54.3
2.40002048,0.8915,72.5,3.34,54.9
2.40002048,0.8915,82.4,3.34,54.3
2.400027136,0.8915,79.2,3.34,53.8
2.40002048,0.8915,92.7,3.34,54.9
2.400033792,0.8915,93.7,3.34,53.2
2.400027136,0.8915,94.5,3.34,54.9
2.400017408,0.8915,76.2,3.34,52.1
2.400030464,0.8915,74.3,3.34,54.3
2.40002048,0.8915,79.0,3.07,54.3
2.40002048,0.8915,81.5,3.07,54.3
2.400023808,0.8915,96.4,3.07,53.8
2.400027136,0.8915,89.8,3.07,54.9
2.400027136,0.8915,91.8,3.07,54.3
2.400030464,0.8915,85.2,3.07,54.9
2.400033792,0.8915,92.7,3.07,53.8
2.400023808,0.8915,95.5,3.07,55.4
2.400027136,0.8915,89.7,3.07,55.4
2.40002048,0.8915,89.3,3.07,55.4
2.400023808,0.8915,87.1,3.07,55.4
2.400023808,0.8915,81.8,3.07,56.0
2.400033792,0.8915,87.5,3.07,56.5
2.400033792,0.8915,91.6,3.07,53.8
2.400023808,0.8915,92.7,3.07,55.4
2.400017408,0.8915,87.8,3.07,54.3
2.40002048,0.8915,83.2,3.07,56.0
2.400023808,0.8915,87.9,3.23,54.3
2.400023808,0.8915,89.9,3.23,54.9
2.40002048,0.8915,94.5,3.23,54.9
2.400023808,0.8915,83.6,3.23,54.9
2.40002048,0.8915,90.8,3.23,54.3
2.400033792,0.8915,84.8,3.23,56.0
2.400030464,0.8915,91.5,3.23,54.9
2.400030464,0.8915,86.0,3.23,54.3
2.400030464,0.8915,97.3,3.23,55.4
2.400033792,0.8915,88.9,3.23,54.9
2.400033792,0.8915,71.2,3.23,55.4
2.40003712,0.8915,76.7,3.23,55.4
2.40002048,0.8915,48.2,3.23,55.4
2.400017408,0.8915,22.2,3.23,53.8
2.400017408,0.8915,16.1,3.23,53.8
2.400030464,0.8915,20.4,3.23,51.6
2.40003712,0.8915,48.6,3.23,54.9
2.400033792,0.8915,84.3,3.23,54.3
2.400027136,0.8915,41.3,3.23,52.1
2.400023808,0.8915,35.5,2.97,53.8
2.400017408,0.8915,80.2,2.97,54.9
2.400017408,0.8915,92.7,2.97,54.9
2.40002048,0.8915,20.0,2.97,53.8
2.400033792,0.8915,20.4,2.97,53.2
2.40002048,0.8915,16.8,2.97,52.7
2.400023808,0.8915,16.7,2.97,52.1
2.400023808,0.8915,19.8,2.97,53.8
2.40002048,0.8915,75.5,2.97,52.7
2.40002048,0.8915,100.0,2.97,54.3
2.400023808,0.8915,98.2,2.97,54.9
2.40002048,0.8915,72.2,2.97,54.3
2.400033792,0.8915,59.4,2.97,53.8
2.400023808,0.8915,61.8,2.97,53.8
2.400033792,0.8915,55.7,2.97,54.3
2.400023808,0.8915,72.6,2.97,52.7
2.40002048,0.8915,70.6,2.97,54.9
2.400033792,0.8915,45.3,2.97,52.7
2.400033792,0.8915,19.6,2.89,52.7
2.400023808,0.8915,12.1,2.89,51.6
2.400030464,0.8915,12.0,2.89,52.1
2.40002048,0.8915,47.1,2.89,53.8
2.400027136,0.8915,42.5,2.89,53.2
2.40002048,0.8915,2.8,2.89,52.1
2.400017408,0.8915,13.3,2.89,52.7
2.400023808,0.8915,50.0,2.89,53.2
2.40002048,0.8915,19.4,2.89,51.0
2.400027136,0.8915,12.0,2.89,52.1
2.400027136,0.8915,24.8,2.89,52.7
2.40002048,0.8915,18.2,2.89,52.1
2.40003712,0.8915,45.8,2.89,53.2
2.40003712,0.8915,66.7,2.89,52.7
2.400023808,0.8915,52.3,2.89,52.7
2.400017408,0.8915,56.5,2.89,53.8
2.400027136,0.8915,49.1,2.89,53.8
2.400030464,0.8915,49.1,2.89,54.3
2.400023808,0.8915,49.1,3.06,53.2
2.40003712,0.8915,76.4,3.06,54.3
2.400017408,0.8915,59.8,3.06,53.2
2.400033792,0.8915,55.1,3.06,53.8
2.40002048,0.8915,50.0,3.06,53.8
2.400033792,0.8915,46.2,3.06,53.2
2.400023808,0.8915,70.6,3.06,53.2
2.400033792,0.8915,61.3,3.06,53.8
2.40003712,0.8915,78.5,3.06,54.3
2.400027136,0.8915,87.4,3.06,54.3
2.400027136,0.8915,43.0,3.06,51.6
2.400033792,0.8915,60.4,3.06,54.3
2.400027136,0.8915,81.7,3.06,54.3
2.400023808,0.8915,72.6,3.06,56.0
2.40002048,0.8915,67.0,3.06,55.4
2.400017408,0.8915,57.8,3.06,55.4
2.400033792,0.8915,81.7,3.06,54.9
2.400023808,0.8915,58.3,3.06,54.3
2.40002048,0.8915,7.5,2.81,52.7
2.400023808,0.8915,6.7,2.81,52.1
2.400027136,0.8915,12.5,2.81,52.7
2.400027136,0.8915,24.8,2.81,53.2
2.400023808,0.8915,25.5,2.81,52.1
2.400017408,0.8915,21.9,2.81,52.1
2.40002048,0.8915,71.2,2.81,53.8
2.400033792,0.8915,20.7,2.81,52.1
2.40002048,0.8915,5.7,2.81,51.6
2.400017408,0.8915,15.9,2.81,52.7
2.400027136,0.8915,81.7,2.81,53.8
2.400030464,0.8915,77.3,2.81,54.3
2.400027136,0.8915,89.1,2.81,54.3
2.400027136,0.8915,87.4,2.81,54.3
2.40002048,0.8915,34.9,2.81,52.7
2.400027136,0.8915,21.0,2.81,52.7
2.400033792,0.8915,28.0,2.81,52.1
2.400033792,0.8915,49.1,2.81,53.2
2.40002048,0.8915,7.5,2.81,51.0
2.40002048,0.8915,0.9,2.59,51.6
1.900026112,0.8228,1.9,2.59,49.9
1.500019456,0.75,0.0,2.59,50.5
1.800025216,0.8915,23.4,2.59,52.7
2.400027136,0.8915,38.0,2.59,51.0
2.400023808,0.8915,12.3,2.59,51.6
2.400033792,0.8915,4.7,2.59,50.5
2.40002048,0.8915,11.5,2.59,51.0
2.400033792,0.8915,19.2,2.59,52.1
2.40002048,0.8915,27.6,2.59,52.1
2.400033792,0.8915,17.9,2.59,52.1
2.400027136,0.8915,7.5,2.59,51.0
2.400033792,0.8915,1.9,2.59,50.5
2.400023808,0.8915,0.9,2.59,49.4
2.40002048,0.8915,5.7,2.59,49.9
2.400030464,0.8915,0.0,2.59,49.4
2.400017408,0.8915,6.6,2.59,51.0
2.400017408,0.8915,2.9,2.59,51.0
2.40002048,0.8915,0.0,2.46,50.5
2.400033792,0.8915,20.3,2.46,50.5
2.400023808,0.8915,32.7,2.46,50.5
2.400017408,0.8915,34.9,2.46,51.6
1.70002112,0.8915,14.4,2.46,51.6
1.600013696,0.8915,8.4,2.46,49.4
1.800018688,0.8915,17.6,2.46,50.5
1.700027648,0.8915,21.0,2.46,49.9
1.800025216,0.8915,18.1,2.46,51.0
1.700011264,0.8915,9.3,2.46,50.5
1.600013696,0.8915,5.6,2.46,49.9
1.700014464,0.8915,7.5,2.46,49.4
1.90002944,0.8915,24.3,2.46,51.6
1.800018688,0.8915,18.9,2.46,50.5
1.600020224,0.8915,12.8,2.46,50.5
1.5000128,0.75,0.0,2.46,49.9
1.600017024,0.8915,2.8,2.46,48.8
1.600017024,0.8915,11.0,2.46,49.4
2.400023808,0.8915,21.0,2.46,50.5
2.400033792,0.8915,2.8,2.42,49.4
2.40002048,0.8915,6.6,2.42,50.5
2.400030464,0.8915,11.4,2.42,48.3
2.40003712,0.8915,1.9,2.42,49.9
2.40002048,0.8915,2.8,2.42,49.9
2.400027136,0.8915,2.8,2.42,49.9
2.400033792,0.8915,0.9,2.42,49.9
2.400033792,0.8915,0.0,2.42,49.4
2.40002048,0.8915,1.9,2.42,49.4
2.400033792,0.8915,0.0,2.42,49.4
2.400033792,0.8915,0.0,2.42,50.5
2.400033792,0.8915,6.5,2.42,50.5
2.400023808,0.8915,11.2,2.42,51.0
2.40003712,0.8915,0.9,2.42,49.4
2.400030464,0.8915,8.5,2.42,49.9
2.400023808,0.8915,12.1,2.42,50.5
2.400023808,0.8915,2.8,2.42,49.4
2.400027136,0.8915,0.9,2.42,49.9
1.600020224,0.7815,2.8,2.23,49.4
1.500019456,0.8915,1.9,2.23,49.4
1.500022656,0.75,3.7,2.23,48.8
1.5000128,0.75,0.0,2.23,49.4
1.500019456,0.75,0.9,2.23,48.8
1.600017024,0.8915,2.8,2.23,49.4
1.5000128,0.75,0.0,2.23,49.9
1.500016128,0.75,0.0,2.23,48.8
1.800025216,0.809,15.7,2.23,48.8
1.600017024,0.75,1.9,2.23,48.8
1.600017024,0.7815,2.8,2.23,48.3
1.600020224,0.8915,4.8,2.23,50.5
1.500016128,0.8915,0.9,2.23,50.5
1.600023552,0.8915,6.5,2.23,49.4
1.600017024,0.8915,9.3,2.23,48.8
1.500022656,0.8915,0.0,2.23,49.4
2.400030464,0.8915,70.4,2.23,49.9
2.40002048,0.8915,21.7,2.23,49.9
2.400033792,0.8915,7.5,2.23,49.4
2.40003712,0.8915,5.7,2.13,49.4
2.40002048,0.8915,5.7,2.13,49.4
2.400023808,0.8915,0.9,2.13,48.8
2.400023808,0.8915,1.9,2.13,48.8
2.400030464,0.8915,0.9,2.13,48.3
2.400033792,0.8915,1.9,2.13,49.4
2.400023808,0.8915,2.8,2.13,48.3
2.40002048,0.8915,0.0,2.13,48.8
2.400027136,0.8915,4.6,2.13,48.3
2.400030464,0.8915,6.5,2.13,49.9
2.400030464,0.8915,4.7,2.13,48.3
2.400027136,0.8915,4.7,2.13,48.8
2.400033792,0.8915,1.9,2.13,48.3
2.400033792,0.8915,0.0,2.13,47.7
2.400033792,0.8915,0.0,2.13,48.8
1.600013696,0.7815,0.9,2.13,48.8
1.600023552,0.7815,1.9,2.13,47.7
1.5000128,0.75,0.0,2.13,47.2
1.500019456,0.75,1.8,2.13,48.3
1.500022656,0.75,0.9,2.04,48.8
1.5000128,0.75,1.9,2.04,48.3
1.500022656,0.75,0.9,2.04,48.3
1.500022656,0.75,1.8,2.04,47.7
1.500016128,0.8915,0.9,2.04,48.3
1.500016128,0.75,0.9,2.04,48.3
1.500016128,0.75,0.0,2.04,46.6
1.5000128,0.75,0.9,2.04,46.6
1.600023552,0.7815,0.9,2.04,49.9
1.500016128,0.75,0.0,2.04,47.7
1.500016128,0.75,0.0,2.04,47.2
1.500016128,0.75,0.9,2.04,48.3
1.600017024,0.75,2.8,2.04,48.3
1.5000128,0.75,0.0,2.04,47.7
1.500019456,0.75,0.9,2.04,47.7
1.500016128,0.8915,0.9,2.04,47.7
1.500019456,0.75,2.7,2.04,46.6
1.500016128,0.75,0.9,2.04,47.7
1.500016128,0.75,0.0,1.88,48.3
1.500022656,0.8915,0.9,1.88,47.7
1.500019456,0.75,0.9,1.88,48.3
1.500019456,0.75,0.0,1.88,47.2
1.500016128,0.75,0.9,1.88,47.2
1.500016128,0.75,0.9,1.88,47.7
1.500022656,0.75,0.9,1.88,47.2
1.500019456,0.75,0.9,1.88,46.6
1.5000128,0.75,1.9,1.88,47.7
1.500019456,0.75,0.9,1.88,47.2
1.500022656,0.75,1.8,1.88,46.6
1.500016128,0.75,0.9,1.88,47.2
1.500019456,0.8915,0.9,1.88,48.8
1.500016128,0.75,0.9,1.88,47.2
1.500019456,0.75,0.9,1.88,46.1
1.500016128,0.75,0.0,1.88,47.2
1.600013696,0.8915,0.9,1.88,47.2
1.500016128,0.75,0.0,1.88,46.6
1.500019456,0.75,0.0,1.88,47.2
1.500016128,0.75,0.0,1.73,47.7
1.600020224,0.7815,0.9,1.73,47.7
1.5000128,0.75,0.9,1.73,46.1
1.500019456,0.75,0.0,1.73,45.5
1.500019456,0.75,0.9,1.73,47.2
1.500016128,0.75,1.9,1.73,47.2
1.500016128,0.75,0.0,1.73,47.7
1.500019456,0.75,0.0,1.73,46.6
1.5000128,0.8915,1.9,1.73,46.1
1.500016128,0.75,0.0,1.73,47.2
1.500016128,0.75,2.7,1.73,47.2
1.500016128,0.75,0.9,1.73,46.1
1.600013696,0.7815,1.9,1.73,47.2
1.500019456,0.75,1.9,1.73,48.8
1.500022656,0.75,0.7,1.73,46.6
1.500019456,0.8915,0.9,1.73,47.2
1.5000128,0.75,0.0,1.73,45.5
1.5000128,0.75,0.9,1.73,46.6
1.500016128,0.75,0.9,1.59,46.1
1.600010368,0.8915,1.9,1.59,47.2
1.500022656,0.75,0.9,1.59,47.2
1.500022656,0.75,1.8,1.59,47.2
1.500016128,0.75,0.0,1.59,46.1
1.5000128,0.75,1.9,1.59,47.2
1.500016128,0.75,0.0,1.59,45.0
1.500019456,0.75,0.0,1.59,46.1
1.500019456,0.75,0.0,1.59,45.5
1.500022656,0.75,2.8,1.59,47.2
1.5000128,0.75,0.0,1.59,45.5
1.500016128,0.75,0.0,1.59,47.2
1.500016128,0.8915,0.9,1.59,47.7
1.5000128,0.75,0.9,1.59,47.7
1.500019456,0.75,0.0,1.59,46.6
1.5000128,0.75,0.9,1.59,46.6
1.600017024,0.7815,1.9,1.59,46.6
1.500022656,0.75,0.9,1.59,46.6
1.5000128,0.75,0.9,1.59,46.6
1.500019456,0.75,1.8,1.46,46.1
1.600013696,0.7815,0.9,1.46,47.2
1.500022656,0.75,0.0,1.46,46.6
1.5000128,0.75,0.0,1.46,47.2
1.500022656,0.8915,0.0,1.46,46.1
1.5000128,0.75,0.9,1.46,45.5
1.500016128,0.75,0.9,1.46,46.1
1.500016128,0.75,0.9,1.46,45.5
1.600013696,0.8915,2.8,1.46,46.6
1.5000128,0.75,0.9,1.46,45.5
1.500019456,0.75,0.0,1.46,45.5
1.5000128,0.75,0.9,1.46,46.6
1.600020224,0.7815,1.9,1.46,46.6
1.500016128,0.75,1.8,1.46,46.6
1.500016128,0.75,0.0,1.46,46.6
1.5000128,0.75,1.8,1.46,45.0
1.500019456,0.75,1.9,1.46,47.2
1.5000128,0.75,0.0,1.46,45.0
1.500016128,0.75,0.0,1.34,46.6
1.500019456,0.8915,1.9,1.34,46.1
1.500019456,0.75,0.0,1.34,46.1
1.5000128,0.75,0.9,1.34,46.1
1.500019456,0.75,0.0,1.34,46.1
1.600017024,0.7815,2.8,1.34,46.6
1.500016128,0.75,0.9,1.34,46.6
1.500016128,0.75,0.0,1.34,46.1
1.500016128,0.75,0.9,1.34,46.6
1.600013696,0.7815,1.9,1.34,46.6
1.5000128,0.75,1.8,1.34,45.0
1.500019456,0.75,1.9,1.34,46.6
1.500016128,0.75,0.9,1.34,45.0
1.5000128,0.75,2.8,1.34,46.6
1.500016128,0.75,0.9,1.34,46.6
1.500022656,0.75,0.9,1.34,46.6
1.500019456,0.8915,1.9,1.34,45.0
1.500016128,0.75,0.0,1.34,46.1
1.500016128,0.75,0.0,1.34,46.6
1.500019456,0.75,0.9,1.23,45.0
1.600020224,0.7815,0.9,1.23,45.5
1.500016128,0.75,0.0,1.23,45.5
1.500022656,0.75,0.9,1.23,45.5
1.500016128,0.75,0.0,1.23,45.0
1.500016128,0.75,1.9,1.23,46.6
1.5000128,0.75,0.0,1.23,46.1
1.500019456,0.75,0.0,1.23,45.0
1.5000128,0.8915,0.0,1.23,45.5
1.500016128,0.75,0.9,1.23,45.5
1.5000128,0.75,0.9,1.23,46.1
1.500019456,0.75,0.0,1.23,47.2
1.600020224,0.8915,1.9,1.23,46.1
1.500019456,0.75,0.9,1.23,46.1
1.500019456,0.75,0.0,1.23,46.6
1.500019456,0.75,0.9,1.23,47.7
1.600017024,0.7815,0.9,1.23,45.0
1.500009472,0.75,0.0,1.23,45.5
1.500019456,0.75,0.9,1.23,46.1
1.500022656,0.75,0.0,1.14,46.1
1.500019456,0.75,0.9,1.14,46.6
1.500016128,0.75,0.9,1.14,45.0
1.500022656,0.75,0.9,1.14,45.5
1.5000128,0.8915,1.9,1.14,45.0
1.5000128,0.75,0.9,1.14,45.0
1.500019456,0.75,0.7,1.14,45.5
1.500022656,0.75,0.0,1.14,46.1
1.5000128,0.75,0.9,1.14,43.9
1.500022656,0.75,0.0,1.14,45.0
1.500016128,0.75,0.0,1.14,45.0
1.500019456,0.8915,1.9,1.14,46.1
1.500016128,0.75,1.9,1.14,45.0
1.500022656,0.75,0.9,1.14,46.1
1.500022656,0.75,0.9,1.14,44.4
1.600013696,0.8915,1.9,1.14,45.5
1.500016128,0.75,0.9,1.14,46.1
1.500022656,0.75,0.0,1.14,45.0
1.500025984,0.75,0.0,1.04,45.0
1.600013696,0.7815,2.8,1.04,46.1
1.5000128,0.75,0.0,1.04,45.0
1.5000128,0.75,0.0,1.04,45.0
1.500019456,0.75,0.9,1.04,46.6
1.500016128,0.75,0.9,1.04,46.6
1.500016128,0.75,0.0,1.04,45.5
1.500022656,0.75,0.9,1.04,43.9
1.5000128,0.8915,0.9,1.04,45.0
1.500022656,0.75,0.0,1.04,44.4
1.500016128,0.75,1.9,1.04,45.0
1.500016128,0.75,0.0,1.04,46.1
1.500019456,0.7815,2.8,1.04,46.1
1.500016128,0.75,1.8,1.04,46.1
1.5000128,0.75,0.0,1.04,46.1
1.500019456,0.75,0.0,1.04,46.6
1.600013696,0.7815,0.9,1.04,45.0
1.500016128,0.75,0.0,1.04,46.6
1.500019456,0.75,0.9,1.04,46.1
1.500022656,0.8915,0.0,1.04,45.5
1.500019456,0.75,2.7,1.04,45.0
1.5000128,0.75,0.9,1.04,44.4
1.500019456,0.75,0.9,1.04,46.1
1.600013696,0.8915,2.8,1.04,45.0
1.5000128,0.75,0.9,1.04,45.5
1.5000128,0.75,0.0,1.04,45.0
1.500019456,0.75,0.0,1.04,45.5
1.5000128,0.75,0.9,1.04,45.0
1.500016128,0.75,0.9,1.04,46.1
1.5000128,0.75,0.0,1.04,45.5
1.5000128,0.75,1.8,1.04,45.5
1.500009472,0.75,1.9,1.04,45.5
1.500022656,0.75,0.9,1.04,44.4
1.500016128,0.75,0.0,1.04,46.1
1.500019456,0.8915,1.9,1.04,46.6
1.500019456,0.75,0.9,1.04,46.1
1.500019456,0.75,0.9,1.04,45.5
1.5000128,0.75,0.0,0.96,45.5
1.600020224,0.8915,1.9,0.96,46.1
1.500019456,0.75,0.0,0.96,45.0
1.500016128,0.75,0.0,0.96,45.5
1.5000128,0.75,0.0,0.96,45.5
1.600017024,0.7815,0.9,0.96,46.1
1.500019456,0.75,0.9,0.96,46.1
1.500016128,0.75,1.9,0.96,44.4
1.500016128,0.75,0.9,0.96,45.0
1.500019456,0.75,1.9,0.96,45.0
1.500019456,0.75,0.9,0.96,47.7
1.5000128,0.75,0.9,0.96,46.1
1.500019456,0.8915,0.0,0.96,45.5
1.5000128,0.75,1.6,0.96,46.1
1.5000128,0.75,0.0,0.96,44.4
1.500016128,0.75,0.9,0.96,44.4
1.600013696,0.75,0.9,0.96,46.1
1.500016128,0.75,0.9,0.96,47.7
1.500019456,0.75,0.9,0.96,45.5
1.500019456,0.75,0.9,0.88,44.4
1.500022656,0.75,1.9,0.88,46.1
1.5000128,0.75,0.0,0.88,45.5
1.500022656,0.75,0.0,0.88,45.5
1.5000128,0.8915,1.9,0.88,45.0
1.500016128,0.75,0.0,0.88,45.5
1.500019456,0.75,0.9,0.88,44.4
1.500019456,0.75,0.0,0.88,45.5
1.600013696,0.7815,1.9,0.88,45.5
1.500009472,0.75,0.0,0.88,45.0
1.500019456,0.75,0.0,0.88,44.4
1.500016128,0.75,0.0,0.88,46.1
1.600013696,0.75,1.9,0.88,46.6
1.500009472,0.75,0.9,0.88,47.7
1.500019456,0.75,0.0,0.88,45.5
1.500016128,0.8915,0.0,0.88,45.5
1.500016128,0.75,2.8,0.88,44.4
1.500022656,0.75,0.0,0.88,45.0
1.500009472,0.75,0.0,0.81,45.5
1.5000128,0.8915,1.9,0.81,47.2
1.5000128,0.75,0.0,0.81,43.9
1.5000128,0.75,0.0,0.81,45.5
1.5000128,0.75,0.0,0.81,45.5
1.600013696,0.7815,1.9,0.81,44.4
1.500009472,0.75,0.0,0.81,45.5
1.5000128,0.75,0.0,0.81,44.4
1.5000128,0.75,0.9,0.81,46.1
1.500016128,0.75,1.9,0.81,46.6
1.500019456,0.75,0.9,0.81,45.0
1.500019456,0.75,0.0,0.81,45.5
1.600017024,0.8915,3.6,0.81,45.5
1.500016128,0.75,0.0,0.81,46.1
1.500019456,0.75,0.0,0.81,45.0
1.500016128,0.75,0.0,0.81,45.0
1.600013696,0.7815,1.9,0.81,46.6
1.500022656,0.75,0.9,0.81,45.5
1.500016128,0.75,0.9,0.81,45.5
1.500019456,0.75,1.8,0.74,45.5
1.600017024,0.75,1.9,0.74,46.1
1.500019456,0.75,0.9,0.74,43.9
1.500019456,0.75,0.0,0.74,43.9
1.500016128,0.8915,0.0,0.74,46.1
1.5000128,0.75,1.8,0.74,46.1
1.5000128,0.75,0.0,0.74,45.0
1.500016128,0.75,1.8,0.74,46.1
1.5000128,0.8915,1.9,0.74,46.1
1.500019456,0.75,0.0,0.74,45.5
1.500022656,0.75,1.8,0.74,46.1
1.500016128,0.75,0.9,0.74,45.5
1.500016128,0.75,1.9,0.74,46.1
1.500016128,0.75,0.0,0.74,45.5
1.500016128,0.75,0.0,0.74,45.0
1.5000128,0.75,0.9,0.74,45.5
1.500019456,0.75,0.9,0.74,45.0
1.500022656,0.75,0.9,0.74,44.4
1.500019456,0.75,0.9,0.74,44.4
1.500019456,0.8915,1.9,0.68,45.0
1.5000128,0.75,0.9,0.68,45.5
1.500022656,0.75,0.0,0.68,46.1
1.500016128,0.75,0.0,0.68,45.5
1.600013696,0.7815,1.9,0.68,47.2
1.5000128,0.75,0.9,0.68,46.1
1.500022656,0.75,0.0,0.68,45.5
1.500019456,0.75,0.0,0.68,45.5
1.700024448,0.8915,8.3,0.68,45.5
1.600017024,0.8915,10.2,0.68,46.1
1.600017024,0.8915,8.4,0.68,44.4
1.600023552,0.8915,7.5,0.68,46.6
1.500022656,0.8915,2.8,0.68,45.5
2.400017408,0.8915,28.3,0.68,47.7
2.400033792,0.8915,30.8,0.68,46.1
2.400027136,0.8915,6.7,0.68,46.1
2.40002048,0.8915,8.4,0.68,46.1
2.400023808,0.8915,8.5,0.68,46.6
2.400027136,0.8915,9.3,0.71,47.7
2.400023808,0.8915,8.3,0.71,45.5
2.40002048,0.8915,3.8,0.71,46.6
2.40003712,0.8915,10.2,0.71,47.7
2.400033792,0.8915,8.4,0.71,46.6
2.400027136,0.8915,5.7,0.71,48.3
2.400030464,0.8915,20.9,0.71,47.2
2.400033792,0.8915,40.0,0.71,47.2
2.40002048,0.8915,12.4,0.71,47.7
2.400027136,0.8915,11.3,0.71,46.6
2.400033792,0.8915,11.3,0.71,46.6
2.400027136,0.8915,11.1,0.71,46.6
2.400023808,0.8915,13.1,0.71,47.7
2.400023808,0.8915,11.3,0.71,47.7
1.900022784,0.8915,14.2,0.71,47.2
1.900019584,0.8915,21.5,0.71,46.1
1.700024448,0.8915,12.4,0.71,46.1
1.800018688,0.8915,14.7,0.71,47.2
1.700017792,0.8915,8.6,0.71,47.2
1.600013696,0.7815,7.3,0.81,46.6
1.500019456,0.75,0.9,0.81,46.6
1.80001536,0.8915,9.3,0.81,46.1
1.500022656,0.8915,5.9,0.81,47.7
1.700024448,0.8915,10.5,0.81,46.6
1.800018688,0.8915,21.3,0.81,47.7
2.400030464,0.8915,22.7,0.81,47.2
2.40002048,0.8915,18.3,0.81,47.2
2.400033792,0.8915,25.9,0.81,47.7
2.40003712,0.8915,58.7,0.81,49.9
2.400017408,0.8915,58.6,0.81,48.8
2.400023808,0.8915,17.8,0.81,48.3
2.400033792,0.8915,18.4,0.81,48.3
2.400033792,0.8915,11.4,0.81,47.7
2.400030464,0.8915,16.8,0.81,47.7
2.40002048,0.8915,16.0,0.81,47.2
2.400027136,0.8915,15.9,0.81,47.7
2.400027136,0.8915,18.5,0.81,47.2
2.400023808,0.8915,24.8,0.99,48.8
2.400023808,0.8915,45.7,0.99,49.4
2.400023808,0.8915,55.0,0.99,49.9
2.400027136,0.8915,29.5,0.99,49.4
2.40002048,0.8915,18.3,0.99,48.8
2.400023808,0.8915,25.5,0.99,47.7
1.700024448,0.8915,16.5,0.99,48.8
2.40002048,0.8915,46.1,0.99,49.4
2.40002048,0.8915,38.7,0.99,48.3
2.40002048,0.8915,35.3,0.99,48.3
2.400033792,0.8915,22.8,0.99,49.9
2.400033792,0.8915,53.3,0.99,51.0
2.400023808,0.8915,57.7,0.99,51.6
2.400033792,0.8915,54.6,0.99,49.4
2.400027136,0.8915,52.8,0.99,50.5
2.400023808,0.8915,56.5,0.99,49.9
2.400027136,0.8915,55.3,0.99,50.5
2.400023808,0.8915,49.5,0.99,51.6
2.400027136,0.8915,53.5,1.07,49.4
2.400023808,0.8915,32.1,1.07,48.8
2.400033792,0.8915,23.4,1.07,49.9
2.400027136,0.8915,27.8,1.07,49.4
2.400033792,0.8915,42.5,1.07,51.0
2.400027136,0.8915,43.0,1.07,49.4
2.400017408,0.8915,29.6,1.07,49.9
1.900026112,0.8915,30.2,1.07,50.5
1.800022016,0.8915,25.5,1.07,49.9
2.40002048,0.8915,25.0,1.07,49.4
2.400030464,0.8915,29.9,1.07,51.6
2.400017408,0.8915,29.1,1.07,49.4
2.400023808,0.8915,6.5,1.07,48.3
2.400023808,0.8915,8.7,1.07,49.4
2.400023808,0.8915,8.4,1.07,48.8
2.400023808,0.8915,3.7,1.07,47.2
2.40002048,0.8915,2.8,1.07,47.7
2.40003712,0.8915,8.4,1.07,48.3
2.400030464,0.8915,8.3,1.07,48.3
2.400033792,0.8915,3.8,1.06,48.3
2.400033792,0.8915,3.7,1.06,47.7
2.400027136,0.8915,23.6,1.06,49.4
2.400033792,0.8915,57.0,1.06,49.9
2.40002048,0.8915,47.7,1.06,48.8
2.400023808,0.8915,21.2,1.06,49.4
2.40002048,0.8915,18.1,1.06,48.8
2.40002048,0.8915,19.6,1.06,48.8
1.700024448,0.8915,17.8,1.06,48.3
1.700017792,0.8915,13.8,1.06,47.2
1.700027648,0.8915,16.2,1.06,48.8
1.700024448,0.8915,20.4,1.06,48.3
1.900026112,0.8915,35.2,1.06,48.8
2.400030464,0.8915,57.4,1.06,49.9
2.400023808,0.8915,52.8,1.06,50.5
2.400033792,0.8915,55.0,1.06,50.5
2.400027136,0.8915,51.4,1.06,49.4
2.400027136,0.8915,56.1,1.06,49.4
2.400027136,0.8915,28.7,1.06,48.3
2.40003712,0.8915,47.1,1.06,50.5
2.40003712,0.8915,51.4,1.06,51.0
2.400027136,0.8915,42.3,1.06,51.0
2.400023808,0.8915,22.2,1.06,48.3
2.400027136,0.8915,36.4,1.06,49.9
2.400023808,0.8915,47.1,1.06,51.0
2.400033792,0.8915,51.9,1.06,51.6
2.400023808,0.8915,52.4,1.06,49.9
2.40002048,0.8915,51.4,1.06,50.5
2.400027136,0.8915,39.6,1.06,50.5
2.400033792,0.8915,35.6,1.06,51.0
2.400027136,0.8915,27.5,1.06,50.5
2.400027136,0.8915,21.2,1.06,48.3
2.400023808,0.8915,27.5,1.06,49.9
2.40002048,0.8915,27.8,1.06,50.5
2.40002048,0.8915,57.1,1.06,50.5
2.400033792,0.8915,33.0,1.06,49.4
2.40002048,0.8915,6.4,1.06,49.9
2.400030464,0.8915,9.5,1.13,48.3
2.400023808,0.8915,3.7,1.13,49.4
2.400033792,0.8915,0.9,1.13,47.2
2.400033792,0.8915,3.7,1.13,47.7
2.400030464,0.8915,10.3,1.13,48.8
2.400033792,0.8915,7.6,1.13,48.3
2.40002048,0.8915,9.4,1.13,48.8
2.400033792,0.8915,12.0,1.13,47.7
2.400033792,0.8915,21.3,1.13,49.4
2.400033792,0.8915,13.1,1.13,47.7
2.400023808,0.8915,13.0,1.13,47.2
2.400027136,0.8915,7.5,1.13,47.7
2.400017408,0.7815,4.7,1.13,48.8
1.500016128,0.8915,2.8,1.13,49.4
1.5000128,0.75,0.9,1.13,48.3
1.500019456,0.8915,1.9,1.13,48.3
1.600020224,0.7815,5.6,1.13,47.2
1.700017792,0.8915,8.3,1.13,48.3
1.700017792,0.8915,12.3,1.28,47.7
1.800018688,0.8915,15.0,1.28,48.3
1.800022016,0.8915,16.5,1.28,47.2
1.800025216,0.8915,12.1,1.28,48.3
1.80001536,0.8915,13.9,1.28,47.7
1.600017024,0.8915,7.5,1.28,48.3
1.600017024,0.8915,3.7,1.28,48.3
2.400023808,0.8915,22.6,1.28,47.2
2.400023808,0.8915,12.0,1.28,49.4
2.400027136,0.8915,4.7,1.28,47.7
2.400033792,0.8915,0.9,1.28,47.7
2.400017408,0.8915,0.0,1.28,47.7
2.400027136,0.8915,1.0,1.28,48.8
2.400027136,0.8915,0.9,1.28,47.2
2.400023808,0.8915,3.8,1.28,46.6
2.400033792,0.8915,0.9,1.28,47.7
2.40002048,0.8915,1.9,1.28,46.6
2.40002048,0.8915,0.9,1.28,47.2
2.40002048,0.8915,0.0,1.28,47.2
2.40003712,0.8915,0.9,1.18,47.7
2.400033792,0.8915,2.8,1.18,47.2
2.400027136,0.8915,10.5,1.18,46.6
2.400033792,0.8915,0.9,1.18,47.2
2.400023808,0.8915,0.0,1.18,47.7
2.40002048,0.8915,0.9,1.18,47.2
2.40002048,0.8915,1.9,1.18,46.1
1.600020224,0.8915,3.7,1.18,46.6
1.600020224,0.8915,13.0,1.18,47.7
1.500019456,0.75,0.0,1.18,47.2
1.500016128,0.75,0.9,1.18,46.6
1.500019456,0.75,0.0,1.18,46.6
1.600013696,0.7815,1.9,1.18,45.5
1.5000128,0.75,1.8,1.18,46.1
1.500016128,0.75,0.0,1.18,46.6
1.500019456,0.75,0.0,1.18,46.6
1.500009472,0.75,1.9,1.18,46.6
1.500016128,0.75,0.0,1.18,47.2
1.500022656,0.75,0.0,1.18,46.6
1.500016128,0.8915,1.9,1.09,46.1
1.500019456,0.75,0.0,1.09,46.6
1.5000128,0.75,0.0,1.09,46.1
1.5000128,0.75,0.9,1.09,46.1
1.600013696,0.7815,2.8,1.09,46.6
1.500019456,0.75,0.0,1.09,46.6
1.500019456,0.75,0.0,1.09,45.0
1.500016128,0.75,0.9,1.09,45.0
1.600017024,0.7815,1.9,1.09,45.0
1.500019456,0.75,0.0,1.09,46.1
1.500022656,0.75,0.9,1.09,45.5
1.500019456,0.8915,0.0,1.09,46.1
1.500019456,0.75,1.8,1.09,45.0
1.500019456,0.75,0.9,1.09,45.5
1.600017024,0.8915,10.9,1.09,47.2
1.5000128,0.8915,0.9,1.09,46.6
1.5000128,0.75,0.0,1.09,46.6
1.500019456,0.75,0.9,1.09,46.1
1.5000128,0.75,0.0,1.0,45.5
1.600013696,0.8915,1.9,1.0,47.2
1.600023552,0.7815,0.9,1.0,45.0
1.5000128,0.75,0.9,1.0,46.1
1.500016128,0.75,0.9,1.0,45.5
1.500019456,0.75,0.9,1.0,45.0
1.500016128,0.75,0.9,1.0,46.1
1.500019456,0.75,0.0,1.0,45.0
1.5000128,0.8915,1.9,1.0,44.4
1.5000128,0.75,0.9,1.0,46.1
1.500019456,0.75,0.0,1.0,46.6
1.500016128,0.75,0.9,1.0,46.1
1.500016128,0.75,0.0,1.0,46.1
1.500019456,0.75,0.0,1.0,45.5
1.500019456,0.75,0.9,1.0,44.4
1.500019456,0.75,0.9,1.0,44.4
1.500016128,0.75,1.8,1.0,45.0
1.500022656,0.75,0.0,1.0,45.5
1.5000128,0.75,0.0,1.0,44.4
1.500019456,0.8915,0.9,0.92,45.5
1.500022656,0.75,0.0,0.92,46.1
1.500022656,0.75,0.0,0.92,45.5
1.500016128,0.75,0.0,0.92,46.1
1.500022656,0.8915,0.9,0.92,45.0
1.500016128,0.75,0.9,0.92,45.5
1.500016128,0.75,0.9,0.92,46.6
1.500019456,0.75,0.9,0.92,45.5
1.500016128,0.75,0.0,0.92,46.6
1.500019456,0.75,0.0,0.92,44.4
1.500016128,0.75,0.9,0.92,45.5
1.500019456,0.75,0.0,0.92,46.1
1.500019456,0.75,0.0,0.92,46.6
1.5000128,0.75,0.9,0.92,46.6
1.5000128,0.75,0.9,0.92,46.6
1.500016128,0.8915,0.9,0.92,45.5
1.5000128,0.75,0.0,0.92,44.4
1.500016128,0.75,0.0,0.92,46.1
1.500016128,0.75,0.9,0.92,45.5
1.500019456,0.8915,0.9,0.84,46.1
1.5000128,0.75,0.0,0.84,45.0
1.500022656,0.75,0.9,0.84,45.0
1.500019456,0.75,0.9,0.84,45.0
1.500019456,0.75,0.0,0.84,45.5
1.500016128,0.75,0.9,0.84,46.6
1.5000128,0.75,0.0,0.84,44.4
1.5000128,0.75,0.0,0.84,44.4
1.500022656,0.75,0.0,0.84,45.0
1.5000128,0.75,0.9,0.84,45.5
1.5000128,0.75,0.9,0.84,44.4
1.500022656,0.8915,0.9,0.84,44.4
1.500016128,0.75,0.9,0.84,46.1
1.500022656,0.75,0.0,0.84,46.1
1.500016128,0.75,0.9,0.84,46.1
1.500019456,0.75,0.0,0.84,44.4
1.500016128,0.75,0.0,0.84,45.0
1.500022656,0.75,0.9,0.84,44.4
1.500016128,0.75,1.8,0.78,45.5
1.5000128,0.75,0.0,0.78,44.4
1.500016128,0.75,0.0,0.78,44.4
1.500019456,0.75,1.9,0.78,46.1
1.500019456,0.8915,0.0,0.78,45.0
1.500022656,0.75,0.9,0.78,44.4
1.500016128,0.75,0.0,0.78,45.0
1.5000128,0.75,0.9,0.78,45.5
1.500009472,0.8915,0.0,0.78,45.5
1.500019456,0.75,0.0,0.78,45.5
1.500016128,0.75,0.9,0.78,44.4
1.500022656,0.75,0.0,0.78,45.5
1.5000128,0.75,0.0,0.78,46.6
1.500019456,0.75,0.9,0.78,44.4
1.500019456,0.75,0.9,0.78,45.0
1.5000128,0.75,0.0,0.78,46.1
1.5000128,0.75,0.0,0.78,47.2
1.500019456,0.75,0.9,0.78,46.1
1.5000128,0.75,0.0,0.78,45.5
1.5000128,0.8915,0.9,0.71,45.5
1.500019456,0.75,0.9,0.71,44.4
1.500022656,0.75,0.0,0.71,45.0
1.500019456,0.75,0.0,0.71,45.0
1.500019456,0.75,1.8,0.71,45.5
1.500019456,0.75,0.9,0.71,43.9
1.500022656,0.75,1.8,0.71,45.0
1.500016128,0.75,0.9,0.71,44.4
1.500019456,0.75,0.0,0.71,45.5
1.500016128,0.75,0.0,0.71,45.5
1.5000128,0.75,0.0,0.71,45.5
1.500019456,0.75,0.0,0.71,45.0
1.5000128,0.75,0.9,0.71,46.1
1.500022656,0.75,0.9,0.71,45.0
1.5000128,0.75,0.0,0.71,46.6
1.5000128,0.8915,0.0,0.71,45.0
1.5000128,0.75,1.8,0.71,44.4
1.5000128,0.75,0.0,0.71,44.4
1.500022656,0.75,0.9,0.66,45.5
1.500019456,0.75,0.0,0.66,46.1
1.5000128,0.75,0.9,0.66,45.0
1.500016128,0.75,0.0,0.66,44.4
1.500016128,0.75,0.0,0.66,45.0
1.500016128,0.75,0.9,0.66,45.5
1.500022656,0.75,0.0,0.66,43.9
1.500019456,0.75,0.9,0.66,44.4
1.5000128,0.8915,0.9,0.66,45.0
1.500016128,0.75,0.0,0.66,45.5
1.500022656,0.75,0.9,0.66,44.4
1.5000128,0.75,0.0,0.66,45.5
1.5000128,0.8915,0.9,0.66,45.5
1.500019456,0.75,0.0,0.66,45.5
1.500019456,0.75,1.8,0.66,44.4
1.5000128,0.75,0.0,0.66,45.0
1.500019456,0.75,0.0,0.66,45.0
1.500016128,0.75,0.9,0.66,45.5
1.5000128,0.75,0.9,0.66,44.4
1.500016128,0.75,0.0,0.6,45.5
1.500016128,0.75,0.0,0.6,45.0
1.500022656,0.75,0.9,0.6,45.5
1.5000128,0.75,0.9,0.6,43.9
1.500016128,0.8915,1.8,0.6,45.5
1.5000128,0.75,0.0,0.6,44.4
1.5000128,0.75,0.0,0.6,45.5
1.500019456,0.75,0.9,0.6,45.5
1.500022656,0.75,0.9,0.6,46.1
1.500019456,0.75,0.0,0.6,43.3
1.500019456,0.75,1.8,0.6,45.0
1.500019456,0.75,0.9,0.6,45.0
1.500019456,0.75,0.0,0.6,45.0
1.500016128,0.75,0.0,0.6,45.5
1.500019456,0.75,0.0,0.6,45.0
1.5000128,0.8915,0.9,0.6,44.4
1.500016128,0.75,0.9,0.6,45.5
1.500022656,0.75,0.0,0.6,45.0
1.500019456,0.75,0.9,0.6,45.5
1.5000128,0.8915,0.9,0.56,46.1
1.500009472,0.75,0.9,0.56,45.5
1.500019456,0.75,0.0,0.56,45.5
1.500016128,0.75,0.9,0.56,44.4
1.500016128,0.8915,0.0,0.56,45.5
1.500019456,0.75,0.0,0.56,46.6
1.500016128,0.75,0.9,0.56,45.5
1.500016128,0.75,0.0,0.56,42.8
1.5000128,0.75,1.8,0.56,44.4
1.500022656,0.75,0.0,0.56,45.5
1.500016128,0.75,0.0,0.56,45.0
1.500019456,0.8915,0.9,0.56,45.5
1.5000128,0.75,0.0,0.56,43.9
1.500019456,0.75,0.9,0.56,45.5
1.500019456,0.75,0.0,0.56,44.4
1.5000128,0.75,0.9,0.56,45.5
1.500019456,0.75,1.8,0.56,45.0
1.500019456,0.75,0.0,0.56,44.4
1.5000128,0.75,0.0,0.51,44.4
1.500016128,0.75,0.9,0.51,46.1
1.500016128,0.75,0.0,0.51,45.0
1.500019456,0.75,0.0,0.51,44.4
1.500019456,0.8915,0.0,0.51,45.0
1.500022656,0.75,0.9,0.51,43.9
1.500022656,0.75,0.9,0.51,44.4
1.5000128,0.75,0.0,0.51,45.5
1.500022656,0.8915,1.8,0.51,45.0
1.500009472,0.75,0.9,0.51,44.4
1.500019456,0.75,0.0,0.51,44.4
1.500025984,0.75,0.9,0.51,43.9
1.500009472,0.75,0.0,0.51,43.9
1.500019456,0.75,0.0,0.51,45.5
1.5000128,0.75,0.9,0.51,45.0
1.500025984,0.75,0.0,0.51,45.5
1.500016128,0.75,1.9,0.51,43.9
1.500019456,0.75,0.7,0.51,45.0
1.500019456,0.75,0.0,0.51,45.0
1.5000128,0.75,0.0,0.47,45.5
1.5000128,0.75,0.9,0.47,45.5
1.5000128,0.75,1.8,0.47,45.0
1.500019456,0.75,0.0,0.47,45.0
1.500019456,0.75,0.0,0.47,46.1
1.500019456,0.75,0.0,0.47,46.1
1.500016128,0.75,0.9,0.47,44.4
1.5000128,0.8915,0.9,0.47,43.9
1.500019456,0.75,0.0,0.47,45.5
1.500019456,0.75,1.8,0.47,45.0
1.500019456,0.75,0.9,0.47,44.4
1.500022656,0.8915,0.0,0.47,45.5
1.500016128,0.75,0.9,0.47,45.5
1.500022656,0.75,0.0,0.47,45.0
1.500016128,0.75,0.0,0.47,45.5
1.500019456,0.75,0.9,0.47,43.9
1.500022656,0.75,0.9,0.47,45.5
1.500022656,0.75,0.0,0.47,46.1
1.500019456,0.75,0.9,0.43,45.5
1.500016128,0.75,0.0,0.43,45.0
1.500019456,0.75,0.0,0.43,45.0
1.5000128,0.75,0.0,0.43,45.0
1.500016128,0.8915,1.8,0.43,45.5
1.500019456,0.75,0.0,0.43,45.0
1.500016128,0.75,0.0,0.43,45.0
1.500016128,0.75,0.9,0.43,43.3
1.500016128,0.8915,0.0,0.43,45.5
1.500016128,0.75,0.0,0.43,45.5
1.500016128,0.75,0.0,0.43,45.0
1.500019456,0.75,0.9,0.43,42.8
1.500019456,0.75,0.0,0.43,43.9
1.500022656,0.75,1.8,0.43,44.4
1.500022656,0.75,0.0,0.43,45.5
1.500016128,0.8915,0.0,0.43,44.4
1.5000128,0.75,0.0,0.43,44.4
1.500016128,0.75,0.0,0.43,45.0
1.500016128,0.75,0.9,0.43,43.9
1.5000128,0.8915,0.0,0.4,45.0
1.5000128,0.75,0.0,0.4,43.3
1.500016128,0.75,1.8,0.4,43.9
1.500016128,0.75,0.9,0.4,45.0
1.5000128,0.75,0.0,0.4,44.4
1.500022656,0.75,0.0,0.4,44.4
1.5000128,0.75,0.0,0.4,45.0
1.500016128,0.75,0.9,0.4,45.0
1.500016128,0.75,0.0,0.4,45.5
1.500016128,0.75,0.0,0.4,44.4
1.500016128,0.75,1.9,0.4,45.0
1.5000128,0.8915,0.9,0.4,43.9
1.5000128,0.75,0.0,0.4,45.0
1.500022656,0.75,0.9,0.4,45.0
1.500019456,0.75,0.9,0.4,45.0
1.500019456,0.75,0.0,0.4,45.5
1.500016128,0.75,1.8,0.4,43.9
1.500019456,0.75,0.0,0.4,45.5
1.5000128,0.75,0.0,0.36,45.0
1.500016128,0.75,0.0,0.36,45.0
1.500016128,0.75,0.0,0.36,45.0
1.500016128,0.75,0.0,0.36,45.0
1.500019456,0.75,0.9,0.36,45.0
1.500022656,0.75,1.9,0.36,43.9
1.500022656,0.75,0.0,0.36,45.5
1.500019456,0.75,0.0,0.36,44.4
1.5000128,0.8915,0.9,0.36,45.0
1.5000128,0.75,0.0,0.36,43.9
1.500016128,0.75,0.0,0.36,45.5
1.500019456,0.75,0.0,0.36,45.0
1.5000128,0.75,0.9,0.36,45.0
1.500019456,0.75,0.9,0.36,45.0
1.500019456,0.75,0.0,0.36,44.4
1.500016128,0.75,0.9,0.36,45.0
1.500016128,0.75,0.0,0.36,45.0
1.500016128,0.75,0.0,0.36,45.5
1.500019456,0.75,1.9,0.36,45.5
1.500019456,0.8915,0.9,0.34,45.5
1.500009472,0.75,0.0,0.34,45.0
1.5000128,0.75,0.9,0.34,43.9
1.500016128,0.75,0.0,0.34,44.4
1.500009472,0.8915,0.0,0.34,44.4
1.5000128,0.75,1.8,0.34,46.1
1.5000128,0.75,0.0,0.34,45.0
1.5000128,0.75,0.9,0.34,45.0
1.5000128,0.75,0.0,0.34,45.0
1.500016128,0.75,0.9,0.34,45.0
1.500016128,0.75,0.0,0.34,45.0
1.500022656,0.75,0.0,0.34,43.9
1.5000128,0.75,0.9,0.34,46.6
1.500019456,0.75,1.9,0.34,44.4
1.500022656,0.75,0.0,0.34,45.5
1.5000128,0.8915,0.0,0.34,43.9
1.500016128,0.75,0.9,0.34,45.0
1.500019456,0.75,0.0,0.34,43.3
1.500016128,0.75,0.9,0.34,45.0
1.500019456,0.75,1.8,0.39,45.0
1.5000128,0.75,0.0,0.39,45.0
1.500022656,0.75,0.0,0.39,45.0
1.500019456,0.75,0.0,0.39,44.4
1.500016128,0.75,0.0,0.39,43.9
1.500016128,0.75,1.9,0.39,43.9
1.500019456,0.75,0.9,0.39,45.0
1.500019456,0.8915,0.0,0.39,45.0
1.500016128,0.75,0.0,0.39,45.0
1.500019456,0.75,0.9,0.39,43.9
1.500016128,0.75,0.0,0.39,45.0
1.500022656,0.8915,0.9,0.39,44.4
1.5000128,0.75,0.0,0.39,44.4
1.500022656,0.75,0.9,0.39,45.0
1.500016128,0.75,0.0,0.39,44.4
1.500019456,0.75,0.0,0.39,45.5
1.500019456,0.75,1.8,0.39,45.0
1.5000128,0.75,1.8,0.39,44.4
1.500016128,0.75,0.0,0.36,46.1
1.5000128,0.75,0.0,0.36,45.0
1.500016128,0.75,0.0,0.36,45.0
1.500022656,0.75,0.9,0.36,43.9
1.5000128,0.8915,0.9,0.36,44.4
1.5000128,0.75,0.0,0.36,45.5
1.5000128,0.75,1.8,0.36,44.4
1.500016128,0.75,0.0,0.36,46.1
1.500019456,0.75,0.9,0.36,45.5
1.5000128,0.75,0.0,0.36,44.4
1.500019456,0.75,1.8,0.36,44.4
1.500019456,0.8915,0.0,0.36,45.5
1.500016128,0.75,0.9,0.36,45.0
1.500016128,0.75,0.9,0.36,43.9
1.500016128,0.75,0.0,0.36,45.5
1.5000128,0.8915,0.0,0.36,44.4
1.500019456,0.75,0.9,0.36,45.5
1.500022656,0.75,1.8,0.36,45.0
1.5000128,0.75,0.0,0.36,45.0
1.500019456,0.75,0.0,0.33,45.0
1.500022656,0.75,0.0,0.33,45.0
1.500019456,0.75,0.9,0.33,45.0
1.500019456,0.75,0.0,0.33,43.9
1.5000128,0.75,1.8,0.33,45.5
1.500016128,0.75,0.0,0.33,45.5
1.500022656,0.75,0.0,0.33,43.9
1.500019456,0.8915,0.9,0.33,45.5
1.500016128,0.75,0.0,0.33,45.0
1.500016128,0.75,0.0,0.33,43.3
1.500016128,0.75,0.9,0.33,45.0
1.5000128,0.75,0.9,0.33,44.4
1.500019456,0.75,0.0,0.33,45.0
1.500016128,0.75,0.0,0.33,43.9
1.500022656,0.75,0.9,0.33,45.0
1.5000128,0.75,0.0,0.33,45.5
1.500019456,0.75,0.0,0.33,45.0
1.500019456,0.75,1.8,0.33,45.0
1.500022656,0.8915,0.0,0.3,45.0
1.500019456,0.75,0.0,0.3,43.9
1.500022656,0.75,0.9,0.3,45.0
1.500022656,0.75,0.0,0.3,44.4
1.500019456,0.75,0.0,0.3,45.0
1.500016128,0.75,0.0,0.3,45.5
1.500016128,0.75,0.9,0.3,43.9
1.500016128,0.75,1.8,0.3,44.4
1.500019456,0.75,0.0,0.3,43.9
1.500016128,0.75,0.0,0.3,45.0
1.5000128,0.75,1.8,0.3,43.9
1.500019456,0.8915,0.0,0.3,45.5
1.500009472,0.75,0.9,0.3,45.5
1.500019456,0.75,0.0,0.3,45.5
1.5000128,0.75,0.0,0.3,43.3
1.5000128,0.8915,0.0,0.3,43.9
1.500019456,0.75,0.9,0.3,44.4
1.500016128,0.75,0.0,0.3,43.9
1.500022656,0.75,0.9,0.3,45.0
1.5000128,0.75,0.9,0.28,45.0
1.500016128,0.75,0.0,0.28,45.0
1.5000128,0.75,0.9,0.28,45.0
1.500016128,0.75,0.9,0.28,45.0
1.500016128,0.75,0.0,0.28,45.5
1.500019456,0.75,0.9,0.28,43.9
1.500019456,0.75,0.9,0.28,43.3
1.500019456,0.8915,0.0,0.28,45.0
1.500016128,0.75,0.9,0.28,44.4
1.500019456,0.75,0.0,0.28,44.4
1.500019456,0.75,0.0,0.28,45.0
1.500019456,0.75,0.9,0.28,44.4
1.500016128,0.75,0.9,0.28,45.5
1.500022656,0.75,0.0,0.28,43.9
1.500016128,0.75,0.0,0.28,43.9
1.500022656,0.75,0.9,0.28,43.3
1.500019456,0.75,0.0,0.28,45.0
1.500019456,0.75,0.9,0.28,44.4
1.5000128,0.8915,0.9,0.26,43.9
1.5000128,0.75,0.0,0.26,44.4
1.500016128,0.75,0.0,0.26,45.0
1.500022656,0.75,0.9,0.26,44.4
1.500016128,0.8915,0.0,0.26,45.0
1.500022656,0.75,0.9,0.26,44.4
1.500022656,0.75,0.0,0.26,45.0
1.500016128,0.75,0.9,0.26,45.0
1.5000128,0.75,0.0,0.26,45.0
1.500019456,0.75,0.9,0.26,44.4
1.500019456,0.75,0.0,0.26,44.4
1.500016128,0.75,0.0,0.26,43.9
1.500022656,0.75,0.9,0.26,44.4
1.500016128,0.75,0.9,0.26,43.9
1.500019456,0.75,0.0,0.26,42.8
1.5000128,0.8915,1.8,0.26,45.0
1.500022656,0.75,0.0,0.26,44.4
1.500022656,0.75,0.9,0.26,43.9
1.500019456,0.75,0.0,0.26,43.9
1.500022656,0.75,0.0,0.23,45.0
1.500016128,0.75,0.9,0.23,45.0
1.5000128,0.75,0.9,0.23,45.0
1.5000128,0.75,0.9,0.23,45.0
1.500016128,0.75,0.0,0.23,43.9
1.500019456,0.75,0.0,0.23,43.9
1.500019456,0.75,1.8,0.23,45.0
1.500016128,0.8915,0.0,0.23,43.9
1.500016128,0.75,0.0,0.23,45.0
1.5000128,0.75,0.9,0.23,45.0
1.5000128,0.75,0.0,0.23,45.0
1.500019456,0.8915,0.9,0.23,45.0
1.500016128,0.75,0.9,0.23,43.9
1.500019456,0.75,0.9,0.23,45.0
1.500016128,0.75,0.0,0.23,44.4
1.500016128,0.75,0.9,0.23,43.9
1.500022656,0.75,0.9,0.23,43.3
1.5000128,0.75,0.9,0.23,45.0
1.500016128,0.75,0.0,0.22,45.0
1.500016128,0.75,0.9,0.22,42.8
1.500019456,0.75,0.9,0.22,45.5
1.5000128,0.75,0.0,0.22,44.4
1.500016128,0.8915,0.9,0.22,45.0
1.5000128,0.75,0.9,0.22,43.3
1.500022656,0.75,0.0,0.22,45.0
1.5000128,0.75,0.0,0.22,45.0
1.5000128,0.75,0.9,0.22,45.5
1.500022656,0.75,0.9,0.22,45.0
1.5000128,0.75,1.8,0.22,44.4
1.500016128,0.75,0.0,0.22,44.4
1.500009472,0.75,0.0,0.22,44.4
1.5000128,0.75,0.9,0.22,43.3
1.500022656,0.75,0.0,0.22,45.0
1.500016128,0.75,0.0,0.22,45.0
1.5000128,0.75,0.9,0.22,43.3
1.500019456,0.75,0.9,0.22,45.0
1.500016128,0.75,1.8,0.22,43.3
1.500019456,0.8915,0.0,0.2,45.0
1.5000128,0.75,0.9,0.2,44.4
1.500022656,0.75,0.0,0.2,43.9
1.500019456,0.75,0.9,0.2,43.3
1.5000128,0.75,1.9,0.2,45.0
1.500019456,0.75,0.0,0.2,45.0
1.5000128,0.75,0.0,0.2,44.4
1.500016128,0.75,0.9,0.2,45.0
1.500019456,0.75,0.0,0.2,43.3
1.500022656,0.75,1.8,0.2,43.3
1.5000128,0.75,0.0,0.2,45.0
1.500019456,0.8915,0.0,0.2,44.4
1.500016128,0.75,0.0,0.2,43.3
1.500016128,0.75,0.9,0.2,44.4
1.500022656,0.75,0.9,0.2,43.3
1.5000128,0.8915,0.9,0.2,43.9
1.500016128,0.75,0.0,0.2,43.3
1.500019456,0.75,0.0,0.2,42.8
1.500022656,0.75,0.9,0.2,45.5
1.500022656,0.75,0.0,0.18,44.4
1.500022656,0.75,1.9,0.18,45.5
1.500019456,0.75,0.0,0.18,44.4
1.500016128,0.75,0.0,0.18,44.4
1.500016128,0.75,0.9,0.18,43.9
1.500019456,0.75,0.9,0.18,43.9
1.500016128,0.75,0.9,0.18,43.9
1.500019456,0.8915,0.0,0.18,45.0
1.5000128,0.75,0.8,0.18,43.3
1.500019456,0.75,1.8,0.18,45.0
1.500019456,0.75,0.0,0.18,45.0
1.5000128,0.75,0.0,0.18,43.3
1.500016128,0.75,0.0,0.18,44.4
1.5000128,0.75,0.9,0.18,45.5
1.500019456,0.75,0.0,0.18,42.8
1.5000128,0.75,1.8,0.18,43.9
1.500019456,0.75,0.9,0.18,43.9
1.500022656,0.75,0.0,0.18,45.5
1.500016128,0.8915,0.9,0.17,45.5
1.500022656,0.75,0.0,0.17,43.3
1.5000128,0.75,0.9,0.17,45.0
1.500019456,0.75,0.9,0.17,42.8
1.5000128,0.75,0.0,0.17,45.5
1.500016128,0.75,0.0,0.17,45.0
1.5000128,0.75,0.0,0.17,43.3
1.500019456,0.75,0.0,0.17,45.0
1.500016128,0.75,2.8,0.17,43.3
1.500016128,0.75,0.0,0.17,44.4
1.500019456,0.75,0.0,0.17,44.4
1.500022656,0.8915,0.9,0.17,46.6
1.500022656,0.75,0.9,0.17,43.9
1.500019456,0.75,0.0,0.17,45.0
1.5000128,0.75,0.9,0.17,44.4
1.500016128,0.8915,0.0,0.17,43.9
1.500022656,0.75,0.9,0.17,44.4
1.500019456,0.75,0.0,0.17,45.0
1.500019456,0.75,0.9,0.17,45.0
1.500016128,0.75,0.9,0.31,43.3
1.500016128,0.75,0.9,0.31,43.9
1.500022656,0.75,0.0,0.31,45.0
1.500016128,0.75,0.9,0.31,43.9
1.5000128,0.75,0.0,0.31,43.3
1.5000128,0.75,0.0,0.31,46.1
1.500019456,0.75,0.0,0.31,45.0
1.500019456,0.8915,0.9,0.31,45.0
1.500016128,0.75,0.9,0.31,45.0
1.500016128,0.75,0.9,0.31,43.3
1.5000128,0.75,0.9,0.31,44.4
1.5000128,0.75,0.0,0.31,45.0
1.500019456,0.75,0.9,0.31,44.4
1.500019456,0.75,0.9,0.31,44.4
1.500019456,0.75,0.0,0.31,45.0
1.500019456,0.75,0.9,0.31,43.3
1.500022656,0.75,0.0,0.31,45.0
1.5000128,0.75,0.9,0.31,45.5
1.5000128,0.8915,0.9,0.29,43.9
1.500009472,0.75,0.0,0.29,44.4
1.500022656,0.75,0.0,0.29,44.4
1.5000128,0.75,0.9,0.29,45.0
1.500019456,0.8915,0.0,0.29,45.0
1.500022656,0.75,1.8,0.29,44.4
1.500022656,0.75,0.0,0.29,45.0
1.500019456,0.75,0.0,0.29,43.9
1.5000128,0.75,0.0,0.29,43.9
1.500019456,0.75,0.9,0.29,43.9
1.5000128,0.75,1.8,0.29,44.4
1.500019456,0.75,0.0,0.29,43.3
1.500019456,0.75,0.9,0.29,44.4
1.500019456,0.75,0.0,0.29,45.0
1.500019456,0.75,0.9,0.29,43.9
1.500022656,0.8915,0.9,0.29,44.4
1.5000128,0.75,0.0,0.29,45.0
1.500022656,0.75,0.9,0.29,43.9
1.5000128,0.75,0.0,0.29,44.4
1.500016128,0.75,0.9,0.27,43.3
1.5000128,0.75,1.8,0.27,42.8
1.500016128,0.75,0.0,0.27,44.4
1.5000128,0.75,0.0,0.27,45.0
1.5000128,0.75,0.0,0.27,43.3
1.5000128,0.75,0.9,0.27,43.9
1.500016128,0.75,0.9,0.27,44.4
1.5000128,0.8915,0.0,0.27,43.3
1.500022656,0.75,0.9,0.27,43.9
1.500016128,0.75,1.8,0.27,44.4
1.5000128,0.75,0.0,0.27,45.0
1.500022656,0.8915,0.0,0.27,45.0
1.5000128,0.75,0.9,0.27,43.3
1.500022656,0.75,0.0,0.27,45.0
1.500016128,0.75,1.8,0.27,44.4
1.500019456,0.75,0.9,0.27,44.4
1.500016128,0.75,0.0,0.27,45.5
1.500016128,0.75,0.0,0.27,45.0
1.500016128,0.75,0.9,0.24,43.9
1.500016128,0.75,1.9,0.24,43.3
1.500016128,0.75,0.0,0.24,44.4
1.500016128,0.75,0.0,0.24,43.3
1.500016128,0.8915,0.9,0.24,45.0
1.500009472,0.75,0.9,0.24,44.4
1.500022656,0.75,0.0,0.24,45.0
1.5000128,0.75,0.0,0.24,44.4
1.500016128,0.75,0.9,0.24,43.9
1.500022656,0.75,0.0,0.24,44.4
1.500016128,0.75,0.9,0.24,44.4
1.500016128,0.75,0.9,0.24,45.0
1.5000128,0.75,1.8,0.24,44.4
1.5000128,0.75,0.0,0.24,45.0
1.500022656,0.75,0.0,0.24,45.5
1.500019456,0.8915,0.9,0.24,44.4
1.500022656,0.75,0.9,0.24,43.9
1.500019456,0.75,0.0,0.24,44.4
1.500019456,0.75,0.9,0.24,43.9
1.5000128,0.8915,0.0,0.22,45.0
1.500019456,0.75,0.9,0.22,43.9
1.500019456,0.75,0.9,0.22,44.4
1.500016128,0.75,0.9,0.22,44.4
1.500016128,0.8915,0.0,0.22,43.3
1.500016128,0.75,0.0,0.22,45.0
1.500016128,0.75,0.9,0.22,44.4
1.500022656,0.75,0.9,0.22,43.3
1.500019456,0.75,0.0,0.22,44.4
1.500022656,0.75,0.0,0.22,44.4
1.500016128,0.75,0.9,0.22,45.0
1.500019456,0.8915,1.8,0.22,43.9
1.500019456,0.75,0.0,0.22,43.3
1.500016128,0.75,0.0,0.22,44.4
1.500019456,0.75,0.9,0.22,43.9
1.500016128,0.75,0.9,0.22,44.4
1.5000128,0.75,0.9,0.22,44.4
1.5000128,0.75,0.0,0.22,45.0
1.500019456,0.75,0.0,0.22,44.4
1.500009472,0.75,0.0,0.29,43.9
1.500019456,0.75,1.8,0.29,43.9
1.500022656,0.75,0.0,0.29,43.9
1.500022656,0.8915,0.0,0.29,44.4
1.500019456,0.75,0.9,0.29,43.9
1.500019456,0.75,1.9,0.29,43.3
1.500019456,0.75,0.0,0.29,44.4
1.500022656,0.8915,0.0,0.29,45.0
1.500022656,0.75,0.9,0.29,43.3
1.500019456,0.75,0.0,0.29,44.4
1.500019456,0.75,1.9,0.29,43.3
1.500016128,0.8915,0.0,0.29,43.9
1.5000128,0.75,0.0,0.29,44.4
1.500019456,0.75,0.9,0.29,43.9
1.500016128,0.75,0.0,0.29,43.9
1.5000128,0.75,0.9,0.29,44.4
1.500019456,0.75,0.9,0.29,45.0
1.5000128,0.75,0.0,0.29,45.0
1.5000128,0.8915,0.9,0.26,43.3
1.500016128,0.75,0.0,0.26,43.9
1.500016128,0.75,0.0,0.26,46.1
1.500019456,0.75,0.9,0.26,44.4
1.500016128,0.75,0.0,0.26,44.4
1.5000128,0.75,0.9,0.26,43.9
1.500022656,0.75,0.9,0.26,45.0
1.500022656,0.75,0.0,0.26,43.3
1.500019456,0.75,0.9,0.26,45.0
1.500019456,0.75,0.0,0.26,45.0
1.500022656,0.75,1.8,0.26,44.4
1.500016128,0.75,0.9,0.26,43.9
1.500022656,0.75,0.0,0.26,43.9
1.500022656,0.75,0.0,0.26,44.4
1.500022656,0.75,1.8,0.26,43.9
1.5000128,0.8915,0.0,0.26,44.4
1.500016128,0.75,0.0,0.26,44.4
1.500019456,0.75,1.8,0.26,44.4
1.500016128,0.75,0.0,0.26,43.9
1.500019456,0.8915,0.9,0.24,44.4
1.5000128,0.75,0.0,0.24,43.9
1.500022656,0.75,1.8,0.24,43.9
1.500019456,0.75,0.0,0.24,42.8
1.500022656,0.75,0.9,0.24,43.9
1.500019456,0.75,0.0,0.24,43.3
1.5000128,0.75,0.9,0.24,43.9
1.5000128,0.8915,0.9,0.24,44.4
1.500022656,0.75,0.0,0.24,44.4
1.500019456,0.75,1.8,0.24,42.8
1.500016128,0.75,0.0,0.24,43.3
1.500009472,0.75,0.9,0.24,43.9
1.500022656,0.75,0.0,0.24,44.4
1.500019456,0.75,0.9,0.24,44.4
1.500016128,0.75,0.9,0.24,44.4
1.500022656,0.75,0.0,0.24,44.4
1.500016128,0.75,0.0,0.24,43.9
1.500016128,0.75,1.8,0.24,43.3
1.500022656,0.8915,0.0,0.22,43.3
1.5000128,0.75,0.9,0.22,44.4
1.500022656,0.75,0.9,0.22,44.4
1.500016128,0.75,0.0,0.22,45.5
1.500009472,0.8915,0.0,0.22,43.3
1.500016128,0.75,0.9,0.22,43.9
1.500016128,0.75,0.0,0.22,45.0
1.500016128,0.75,0.9,0.22,44.4
1.500019456,0.75,0.0,0.22,43.9
1.500022656,0.75,1.8,0.22,43.3
1.5000128,0.75,0.0,0.22,44.4
1.500019456,0.75,0.0,0.22,44.4
1.500022656,0.75,0.9,0.22,44.4
1.5000128,0.75,0.9,0.22,43.9
1.500019456,0.75,0.0,0.22,43.9
1.5000128,0.8915,0.0,0.22,43.9
1.5000128,0.75,0.9,0.22,45.0
1.500019456,0.75,0.9,0.22,46.1
1.500016128,0.75,0.0,0.22,44.4
1.500019456,0.75,0.9,0.2,46.6
1.500016128,0.75,0.9,0.2,44.4
1.500022656,0.75,0.9,0.2,44.4
1.500019456,0.75,0.9,0.2,43.9
1.600020224,0.75,1.9,0.2,44.4
1.600017024,0.7815,0.9,0.2,44.4
1.5000128,0.75,1.9,0.2,44.4
1.500019456,0.8915,0.9,0.2,43.9
1.5000128,0.75,0.0,0.2,43.9
1.500019456,0.75,2.8,0.2,44.4
1.5000128,0.8915,12.7,0.2,45.0
2.40003712,0.8915,51.4,0.2,46.1
2.40002048,0.8915,0.0,0.2,44.4
2.400023808,0.8915,0.9,0.2,44.4
2.400033792,0.8915,0.0,0.2,43.9
2.400030464,0.8915,6.4,0.2,43.9
2.400027136,0.8915,8.3,0.2,45.0
2.400033792,0.8915,8.4,0.2,44.4
2.400027136,0.8915,8.5,0.2,46.1
2.400023808,0.8915,7.5,0.43,45.0
2.40002048,0.8915,17.1,0.43,46.6
2.400030464,0.8915,13.8,0.43,44.4
2.40002048,0.8915,8.5,0.43,45.5
2.40002048,0.8915,5.6,0.43,46.1
2.400027136,0.8915,2.8,0.43,45.5
2.400033792,0.8915,11.8,0.43,45.5
2.40002048,0.8915,5.8,0.43,45.5
2.40002048,0.8915,9.4,0.43,45.0
2.400027136,0.8915,3.7,0.43,46.1
1.600013696,0.8915,46.3,0.43,45.5
2.40003712,0.8915,31.8,0.43,47.2
2.400027136,0.8915,40.7,0.43,47.2
2.400027136,0.8915,53.8,0.43,46.6
2.400033792,0.8915,62.3,0.43,47.2
2.400030464,0.8915,77.0,0.43,48.3
2.40003712,0.8915,70.3,0.43,49.4
2.40002048,0.8915,57.5,0.43,47.2
2.400033792,0.8915,46.7,0.63,47.7
2.400027136,0.8915,50.0,0.63,47.2
2.400023808,0.8915,51.8,0.63,48.8
2.400030464,0.8915,52.3,0.63,47.7
2.400027136,0.8915,55.2,0.63,48.3
2.400030464,0.8915,57.9,0.63,48.8
2.400033792,0.8915,58.3,0.63,48.3
2.400033792,0.8915,64.4,0.63,49.4
2.400023808,0.8915,86.7,0.63,49.4
2.40002048,0.8915,81.8,0.63,49.4
2.400017408,0.8915,70.8,0.63,51.6
2.400033792,0.8915,83.7,0.63,50.5
2.40002048,0.8915,77.6,0.63,50.5
2.40002048,0.8915,89.3,0.63,49.9
2.40002048,0.8915,85.2,0.63,51.0
2.400027136,0.8915,91.1,0.63,51.0
2.400023808,0.8915,92.7,0.63,51.6
2.400030464,0.8915,89.1,0.63,50.5
2.40002048,0.8915,90.7,1.14,52.1
2.40003712,0.8915,91.0,1.14,52.1
2.40002048,0.8915,91.7,1.14,51.6
2.400023808,0.8915,87.2,1.14,52.1
2.400030464,0.8915,90.1,1.14,50.5
2.400027136,0.8915,88.4,1.14,51.6
2.40002048,0.8915,90.8,1.14,52.1
2.400023808,0.8915,91.2,1.14,52.1
2.400023808,0.8915,89.9,1.14,52.7
2.400033792,0.8915,88.4,1.14,52.7
2.400023808,0.8915,91.7,1.14,52.1
2.40002048,0.8915,91.0,1.14,53.2
2.400017408,0.8915,90.1,1.14,52.7
2.400027136,0.8915,90.1,1.14,52.7
2.400023808,0.8915,85.0,1.14,52.7
2.400023808,0.8915,88.3,1.14,53.2
2.400017408,0.8915,85.5,1.14,51.6
2.400030464,0.8915,85.3,1.14,51.6
2.400033792,0.8915,85.2,1.77,52.7
2.400027136,0.8915,96.5,1.77,52.1
2.400023808,0.8915,95.6,1.77,52.7
2.400027136,0.8915,97.4,1.77,52.7
2.400030464,0.8915,98.2,1.77,52.1
2.40002048,0.8915,91.8,1.77,53.2
2.400033792,0.8915,94.8,1.77,52.7
2.400033792,0.8915,92.0,1.77,53.8
2.400033792,0.8915,92.0,1.77,52.7
2.400027136,0.8915,92.8,1.77,52.7
2.400023808,0.8915,96.4,1.77,52.7
2.40003712,0.8915,95.5,1.77,52.1
2.400023808,0.8915,91.8,1.77,52.7
2.40002048,0.8915,98.3,1.77,53.2
2.400023808,0.8915,91.7,1.77,52.1
2.400027136,0.8915,97.4,1.77,53.8
2.40002048,0.8915,95.5,1.77,52.7
2.400023808,0.8915,97.3,2.19,52.7
2.400017408,0.8915,96.4,2.19,52.7
2.40002048,0.8915,97.4,2.19,53.2
2.400017408,0.8915,95.3,2.19,52.7
2.400033792,0.8915,97.4,2.19,52.7
2.400033792,0.8915,96.3,2.19,53.8
2.400027136,0.8915,95.6,2.19,53.2
2.40002048,0.8915,93.6,2.19,53.2
2.400027136,0.8915,93.8,2.19,54.3
2.400030464,0.8915,96.5,2.19,55.4
2.400027136,0.8915,95.6,2.19,53.8
2.40002048,0.8915,99.1,2.19,52.7
2.400027136,0.8915,95.7,2.19,54.3
2.400027136,0.8915,98.3,2.19,54.3
2.400027136,0.8915,94.6,2.19,53.2
2.40002048,0.8915,96.5,2.19,54.3
2.400027136,0.8915,98.2,2.19,54.3
2.400027136,0.8915,95.5,2.19,54.3
2.40002048,0.8915,96.5,2.82,52.7
2.40002048,0.8915,96.4,2.82,53.2
2.400023808,0.8915,97.3,2.82,54.9
2.400023808,0.8915,96.4,2.82,54.3
2.40003712,0.8915,97.5,2.82,53.8
2.400023808,0.8915,98.2,2.82,54.3
2.400033792,0.8915,96.5,2.82,54.9
2.400033792,0.8915,97.3,2.82,54.9
2.400030464,0.8915,96.5,2.82,53.2
2.400023808,0.8915,95.6,2.82,53.2
2.400027136,0.8915,96.4,2.82,54.3
2.400023808,0.8915,96.4,2.82,54.3
2.40002048,0.8915,95.5,2.82,53.8
2.400033792,0.8915,95.7,2.82,54.3
2.400033792,0.8915,95.5,2.82,55.4
2.400023808,0.8915,96.4,2.82,54.3
2.400017408,0.8915,97.4,2.82,54.3
2.40002048,0.8915,96.5,2.91,54.9
2.400033792,0.8915,92.8,2.91,53.2
2.40003712,0.8915,97.3,2.91,54.9
2.400030464,0.8915,93.7,2.91,53.8
2.40002048,0.8915,97.2,2.91,54.3
2.40002048,0.8915,96.4,2.91,54.3
2.400033792,0.8915,98.2,2.91,54.3
2.400030464,0.8915,96.3,2.91,55.4
2.400023808,0.8915,96.6,2.91,53.8
2.400027136,0.8915,96.3,2.91,54.9
2.400017408,0.8915,95.7,2.91,54.9
2.400033792,0.8915,91.8,2.91,54.9
2.400027136,0.8915,95.5,2.91,54.9
2.40003712,0.8915,95.4,2.91,55.4
2.400030464,0.8915,98.3,2.91,54.3
2.400030464,0.8915,96.4,2.91,55.4
2.400027136,0.8915,97.3,2.91,54.3
2.400033792,0.8915,97.4,2.91,54.3
2.40002048,0.8915,97.2,3.08,54.9
2.400033792,0.8915,95.7,3.08,54.3
2.400033792,0.8915,97.4,3.08,53.8
2.40002048,0.8915,97.3,3.08,55.4
2.400033792,0.8915,96.3,3.08,56.0
2.40003712,0.8915,94.7,3.08,54.3
2.400033792,0.8915,93.9,3.08,56.0
2.400033792,0.8915,94.6,3.08,55.4
2.40002048,0.8915,95.6,3.08,53.8
2.400030464,0.8915,97.4,3.08,53.8
2.400033792,0.8915,94.5,3.08,53.8
2.400023808,0.8915,93.8,3.08,54.3
2.400027136,0.8915,95.5,3.08,55.4
2.400023808,0.8915,98.2,3.08,55.4
2.40002048,0.8915,97.3,3.08,54.9
2.400017408,0.8915,94.7,3.08,54.9
2.400033792,0.8915,93.6,3.08,55.4
2.400017408,0.8915,93.6,3.08,55.4
2.400030464,0.8915,94.7,3.39,54.9
2.400027136,0.8915,98.3,3.39,54.3
2.400027136,0.8915,92.0,3.39,56.0
2.400030464,0.8915,98.3,3.39,56.5
2.40002048,0.8915,96.4,3.39,57.1
2.400023808,0.8915,98.2,3.39,56.0
2.400023808,0.8915,95.5,3.39,56.0
2.400033792,0.8915,94.5,3.39,56.0
2.400023808,0.8915,98.2,3.39,55.4
2.400030464,0.8915,96.4,3.39,56.0
2.400030464,0.8915,96.5,3.39,57.1
2.400027136,0.8915,97.2,3.39,56.0
2.40002048,0.8915,96.4,3.39,56.0
2.400033792,0.8915,98.2,3.39,54.9
2.40002048,0.8915,93.8,3.39,56.5
2.400027136,0.8915,94.6,3.39,56.0
2.400023808,0.8915,95.5,3.39,56.0
2.400023808,0.8915,93.7,4.0,56.5
2.400033792,0.8915,98.2,4.0,56.5
2.400027136,0.8915,95.5,4.0,54.3
2.400033792,0.8915,98.2,4.0,54.9
2.400023808,0.8915,95.5,4.0,56.0
2.40003712,0.8915,97.4,4.0,55.4
2.400017408,0.8915,97.3,4.0,55.4
2.400027136,0.8915,97.3,4.0,54.9
2.400027136,0.8915,96.5,4.0,56.0
2.40002048,0.8915,95.7,4.0,56.0
2.400033792,0.8915,96.4,4.0,56.5
2.400023808,0.8915,95.5,4.0,56.0
2.400023808,0.8915,96.4,4.0,57.1
2.400033792,0.8915,97.3,4.0,56.5
2.400027136,0.8915,93.8,4.0,57.1
2.400027136,0.8915,95.5,4.0,56.0
2.400030464,0.8915,97.3,4.0,56.0
2.400023808,0.8915,97.3,4.0,55.4
2.400033792,0.8915,94.7,5.04,55.4
2.400033792,0.8915,94.8,5.04,56.0
2.400023808,0.8915,95.6,5.04,56.0
2.400027136,0.8915,94.6,5.04,56.0
2.400027136,0.8915,98.3,5.04,56.5
2.400030464,0.8915,94.5,5.04,55.4
2.40002048,0.8915,97.3,5.04,57.1
2.40002048,0.8915,95.7,5.04,56.0
2.40003712,0.8915,97.4,5.04,56.5
2.400027136,0.8915,95.6,5.04,55.4
2.400033792,0.8915,96.5,5.04,56.5
2.400027136,0.8915,97.3,5.04,56.5
2.400023808,0.8915,94.7,5.04,55.4
2.400017408,0.8915,97.4,5.04,56.0
2.400027136,0.8915,96.5,5.04,57.1
2.40003712,0.8915,95.5,5.04,56.0
2.400030464,0.8915,95.8,5.04,56.5
2.400030464,0.8915,96.4,5.04,56.5
2.400023808,0.8915,97.4,5.04,57.1
2.400027136,0.8915,95.5,5.04,56.5
2.400023808,0.8915,92.2,5.04,55.4
2.400027136,0.8915,95.7,5.04,57.6
2.400033792,0.8915,97.3,5.04,56.0
2.40002048,0.8915,96.4,5.04,56.0
2.400027136,0.8915,97.4,5.04,56.5
2.400017408,0.8915,96.4,5.04,56.5
2.40003712,0.8915,97.5,5.04,57.1
2.400017408,0.8915,97.3,5.04,57.1
2.400027136,0.8915,97.4,5.04,55.4
2.40003712,0.8915,98.2,5.04,57.1
2.400017408,0.8915,97.3,5.04,57.1
2.400023808,0.8915,95.6,5.04,56.5
2.40002048,0.8915,95.6,5.04,57.6
2.400027136,0.8915,96.5,5.04,57.1
2.400027136,0.8915,98.2,5.04,57.1
2.40002048,0.8915,96.5,5.44,57.1
2.400033792,0.8915,95.5,5.44,56.5
2.400023808,0.8915,94.6,5.44,57.1
2.400033792,0.8915,95.5,5.44,56.5
2.400023808,0.8915,94.6,5.44,56.5
2.400023808,0.8915,95.5,5.44,56.0
2.400030464,0.8915,97.3,5.44,59.3
2.400027136,0.8915,95.8,5.44,57.1
2.40002048,0.8915,97.3,5.44,55.4
2.400033792,0.8915,95.4,5.44,55.4
2.400027136,0.8915,94.5,5.44,56.5
2.400023808,0.8915,96.3,5.44,57.6
2.400023808,0.8915,92.1,5.44,56.0
2.400023808,0.8915,92.0,5.44,56.5
2.400033792,0.8915,93.9,5.44,55.4
2.40002048,0.8915,89.9,5.44,56.0
2.400023808,0.8915,97.4,5.44,57.6
2.40002048,0.8915,96.4,5.44,57.1
2.400027136,0.8915,96.5,5.48,56.0
2.400033792,0.8915,97.3,5.48,57.6
2.40002048,0.8915,97.3,5.48,57.1
2.400033792,0.8915,97.3,5.48,57.6
2.400030464,0.8915,97.4,5.48,56.5
2.400033792,0.8915,95.7,5.48,57.6
2.400033792,0.8915,97.3,5.48,57.1
2.400030464,0.8915,92.0,5.48,57.1
2.400027136,0.8915,92.0,5.48,57.6
2.400023808,0.8915,97.3,5.48,57.1
2.400033792,0.8915,96.4,5.48,57.1
2.40003712,0.8915,96.6,5.48,57.6
2.400030464,0.8915,96.5,5.48,57.6
2.400027136,0.8915,96.6,5.48,57.6
2.40002048,0.8915,94.8,5.48,57.6
2.400027136,0.8915,93.1,5.48,57.1
2.400033792,0.8915,94.7,5.48,57.1
2.400017408,0.8915,95.5,5.44,56.5
2.400027136,0.8915,94.8,5.44,57.6
2.400030464,0.8915,97.3,5.44,56.0
2.400023808,0.8915,95.5,5.44,59.3
2.400023808,0.8915,95.6,5.44,58.2
2.400033792,0.8915,98.2,5.44,57.6
2.400033792,0.8915,96.5,5.44,56.0
2.40002048,0.8915,98.2,5.44,57.6
2.40002048,0.8915,93.9,5.44,58.2
2.400030464,0.8915,91.9,5.44,56.5
2.40002048,0.8915,95.5,5.44,57.6
2.400033792,0.8915,96.5,5.44,57.1
2.400023808,0.8915,96.5,5.44,56.5
2.40003712,0.8915,97.3,5.44,56.5
2.400027136,0.8915,96.4,5.44,58.2
2.400033792,0.8915,93.9,5.44,57.1
2.400033792,0.8915,94.7,5.44,57.1
2.40002048,0.8915,97.3,5.44,58.7
2.400017408,0.8915,93.8,5.89,57.1
2.400033792,0.8915,93.7,5.89,58.2
2.400033792,0.8915,98.3,5.89,56.5
2.400033792,0.8915,95.5,5.89,59.3
2.400033792,0.8915,97.2,5.89,58.7
2.400017408,0.8915,93.8,5.89,58.2
2.40002048,0.8915,96.5,5.89,58.7
2.400033792,0.8915,96.4,5.89,58.2
2.400030464,0.8915,98.2,5.89,58.2
2.400027136,0.8915,94.9,5.89,59.8
2.40002048,0.8915,94.5,5.89,58.2
2.400023808,0.8915,93.7,5.89,56.5
2.400033792,0.8915,95.7,5.89,58.2
2.400027136,0.8915,97.4,5.89,58.2
2.400027136,0.8915,97.3,5.89,57.1
2.400027136,0.8915,95.6,5.89,57.6
2.400033792,0.8915,97.3,5.89,58.2
2.40002048,0.8915,96.5,5.98,58.2
2.40002048,0.8915,93.6,5.98,56.0
2.400023808,0.8915,94.6,5.98,57.1
2.40002048,0.8915,95.6,5.98,57.1
2.400017408,0.8915,97.4,5.98,58.2
2.400027136,0.8915,96.4,5.98,58.2
2.400030464,0.8915,96.5,5.98,58.2
2.400023808,0.8915,97.2,5.98,58.7
2.40002048,0.8915,93.8,5.98,58.7
2.400017408,0.8915,96.5,5.98,57.6
2.400017408,0.8915,93.8,5.98,58.7
2.400023808,0.8915,96.4,5.98,57.1
2.400030464,0.8915,93.7,5.98,58.2
2.400030464,0.8915,94.8,5.98,57.6
2.400023808,0.8915,94.6,5.98,58.7
2.400033792,0.8915,95.5,5.98,58.2
2.400017408,0.8915,96.5,5.98,57.6
2.400023808,0.8915,95.6,5.98,58.7
2.400023808,0.8915,98.2,6.62,57.1
2.400033792,0.8915,97.3,6.62,59.3
2.400023808,0.8915,94.6,6.62,58.2
2.400027136,0.8915,94.8,6.62,58.2
2.400033792,0.8915,96.4,6.62,58.7
2.400030464,0.8915,89.2,6.62,57.1
2.400030464,0.8915,94.6,6.62,58.7
2.400027136,0.8915,96.5,6.62,58.7
2.400027136,0.8915,95.6,6.62,58.7
2.400023808,0.8915,95.5,6.62,58.2
2.400033792,0.8915,97.4,6.62,59.3
2.400027136,0.8915,92.5,6.62,59.8
2.40003712,0.8915,93.8,6.62,57.1
2.40002048,0.8915,91.2,6.62,58.7
2.40002048,0.8915,97.4,6.62,59.3
2.400027136,0.8915,95.5,6.62,58.7
2.400030464,0.8915,97.3,6.62,58.2
2.40002048,0.8915,94.7,7.05,59.3
2.400023808,0.8915,96.5,7.05,58.7
2.40003712,0.8915,95.4,7.05,58.7
2.400027136,0.8915,94.7,7.05,58.7
2.400030464,0.8915,96.3,7.05,57.6
2.40003712,0.8915,97.4,7.05,58.7
2.40002048,0.8915,97.4,7.05,58.7
2.400023808,0.8915,97.3,7.05,59.3
2.400033792,0.8915,99.1,7.05,57.6
2.40002048,0.8915,96.6,7.05,58.7
2.400023808,0.8915,94.6,7.05,57.6
2.40002048,0.8915,93.9,7.05,59.8
2.400023808,0.8915,97.3,7.05,58.2
2.400027136,0.8915,97.3,7.05,58.7
2.400023808,0.8915,95.6,7.05,58.2
2.400030464,0.8915,96.4,7.05,58.7
2.40002048,0.8915,99.1,7.05,58.7
2.400017408,0.8915,92.0,7.05,58.7
2.400030464,0.8915,94.6,6.89,58.7
2.400023808,0.8915,98.2,6.89,58.2
2.40003712,0.8915,94.7,6.89,57.6
2.40002048,0.8915,94.7,6.89,58.2
2.40002048,0.8915,93.7,6.89,58.7
2.400023808,0.8915,94.6,6.89,58.7
2.400023808,0.8915,84.0,6.89,58.7
2.400030464,0.8915,79.4,6.89,58.7
2.400033792,0.8915,82.6,6.89,57.6
2.400027136,0.8915,85.0,6.89,58.2
2.400023808,0.8915,88.4,6.89,59.8
2.400023808,0.8915,90.6,6.89,58.7
2.40002048,0.8915,88.3,6.89,57.6
2.400023808,0.8915,87.0,6.89,58.7
2.400033792,0.8915,85.7,6.89,58.7
2.400030464,0.8915,90.4,6.89,58.2
2.400033792,0.8915,94.0,6.89,59.3
2.400033792,0.8915,88.2,6.89,58.7
2.400033792,0.8915,88.6,6.9,58.7
2.400033792,0.8915,87.4,6.9,57.6
2.400023808,0.8915,88.0,6.9,58.7
2.400030464,0.8915,84.8,6.9,58.7
2.400033792,0.8915,83.5,6.9,58.2
2.40002048,0.8915,88.6,6.9,57.1
2.400033792,0.8915,91.1,6.9,58.7
2.400023808,0.8915,90.5,6.9,58.7
2.400023808,0.8915,87.3,6.9,57.6
2.400033792,0.8915,87.4,6.9,58.2
2.400023808,0.8915,87.3,6.9,58.7
2.40002048,0.8915,91.9,6.9,57.6
2.400017408,0.8915,89.2,6.9,57.6
2.40002048,0.8915,89.5,6.9,57.6
2.400033792,0.8915,89.3,6.9,58.7
2.400033792,0.8915,89.9,6.9,58.7
2.40002048,0.8915,85.5,6.9,57.6
2.400030464,0.8915,83.0,6.58,57.6
2.400027136,0.8915,80.5,6.58,57.6
2.400030464,0.8915,86.7,6.58,57.6
2.400027136,0.8915,86.1,6.58,57.6
2.400023808,0.8915,81.7,6.58,57.6
2.400017408,0.8915,84.1,6.58,58.2
2.400033792,0.8915,86.5,6.58,59.3
2.400033792,0.8915,87.9,6.58,57.6
2.400017408,0.8915,89.1,6.58,59.3
2.40002048,0.8915,82.9,6.58,58.7
2.400033792,0.8915,84.8,6.58,58.7
2.400023808,0.8915,98.1,6.58,59.3
2.400023808,0.8915,97.3,6.58,59.3
2.400033792,0.8915,94.8,6.58,59.3
2.40002048,0.8915,88.9,6.58,57.6
2.400027136,0.8915,92.1,6.58,57.6
2.400027136,0.8915,92.7,6.58,58.2
2.400030464,0.8915,94.5,6.58,58.7
2.400023808,0.8915,91.5,6.54,58.2
2.400027136,0.8915,88.9,6.54,57.6
2.400033792,0.8915,93.8,6.54,59.3
2.400030464,0.8915,91.1,6.54,60.4
2.40002048,0.8915,89.8,6.54,59.8
2.400023808,0.8915,91.0,6.54,59.3
2.40002048,0.8915,91.4,6.54,59.3
2.400023808,0.8915,92.7,6.54,58.2
2.400023808,0.8915,92.1,6.54,59.3
2.40002048,0.8915,92.3,6.54,59.3
2.400033792,0.8915,91.2,6.54,58.7
2.40003712,0.8915,92.5,6.54,58.7
2.400030464,0.8915,90.2,6.54,59.3
2.400023808,0.8915,89.5,6.54,59.8
2.400017408,0.8915,91.1,6.54,59.3
2.400023808,0.8915,89.5,6.54,58.2
2.40003712,0.8915,86.6,6.54,59.3
2.400033792,0.8915,86.9,7.14,59.8
2.40002048,0.8915,90.9,7.14,59.3
2.40003712,0.8915,92.2,7.14,58.2
2.40002048,0.8915,91.7,7.14,58.2
2.400027136,0.8915,93.6,7.14,59.3
2.400027136,0.8915,91.8,7.14,59.3
2.40002048,0.8915,92.0,7.14,59.3
2.400023808,0.8915,92.0,7.14,58.2
2.400033792,0.8915,92.0,7.14,59.3
2.400033792,0.8915,87.5,7.14,59.8
2.400030464,0.8915,93.2,7.14,58.7
2.400023808,0.8915,92.4,7.14,58.2
2.400033792,0.8915,88.9,7.14,58.7
2.400033792,0.8915,90.8,7.14,59.8
2.400023808,0.8915,90.4,7.14,59.3
2.400033792,0.8915,90.3,7.14,59.8
2.400027136,0.8915,93.6,7.14,57.6
2.400027136,0.8915,90.0,7.14,58.2
2.400023808,0.8915,93.6,7.21,58.2
2.400027136,0.8915,89.2,7.21,59.8
2.400033792,0.8915,92.9,7.21,58.2
2.400033792,0.8915,89.9,7.21,59.3
2.400023808,0.8915,91.2,7.21,59.3
2.400033792,0.8915,92.5,7.21,58.2
2.40002048,0.8915,91.1,7.21,59.8
2.400023808,0.8915,91.0,7.21,57.6
2.400023808,0.8915,91.0,7.21,60.4
2.400033792,0.8915,91.2,7.21,59.8
2.400027136,0.8915,89.7,7.21,59.3
2.400033792,0.8915,89.0,7.21,59.8
2.400030464,0.8915,91.1,7.21,59.3
2.400033792,0.8915,89.2,7.21,58.7
2.400033792,0.8915,89.4,7.21,59.3
2.40003712,0.8915,89.6,7.21,58.7
2.400023808,0.8915,91.4,7.21,59.3
2.400023808,0.8915,90.0,7.19,58.7
2.400023808,0.8915,90.0,7.19,59.3
2.400030464,0.8915,91.7,7.19,59.3
2.40002048,0.8915,88.7,7.19,59.3
2.40002048,0.8915,89.4,7.19,58.2
2.40003712,0.8915,88.2,7.19,60.4
2.400033792,0.8915,90.3,7.19,59.3
2.400033792,0.8915,87.6,7.19,59.3
2.400027136,0.8915,91.5,7.19,57.6
2.400027136,0.8915,88.3,7.19,59.3
2.400033792,0.8915,88.4,7.19,59.8
2.400027136,0.8915,89.5,7.19,58.7
2.400030464,0.8915,92.0,7.19,58.2
2.400027136,0.8915,90.1,7.19,59.8
2.40002048,0.8915,92.9,7.19,59.8
2.400033792,0.8915,91.9,7.19,59.3
2.400023808,0.8915,91.2,7.19,61.5
2.400033792,0.8915,89.5,7.19,59.8
2.400017408,0.8915,89.3,7.25,59.8
2.40002048,0.8915,85.0,7.25,58.2
2.400033792,0.8915,89.2,7.25,59.3
2.40002048,0.8915,91.4,7.25,59.8
2.400017408,0.8915,92.8,7.25,60.4
2.400027136,0.8915,88.5,7.25,59.8
2.40002048,0.8915,86.9,7.25,60.4
2.40002048,0.8915,93.2,7.25,59.3
2.400033792,0.8915,92.9,7.25,59.8
2.400030464,0.8915,89.3,7.25,59.3
2.40002048,0.8915,92.1,7.25,59.3
2.400023808,0.8915,89.6,7.25,59.8
2.40002048,0.8915,88.6,7.25,59.3
2.40002048,0.8915,89.4,7.25,60.4
2.40002048,0.8915,89.4,7.25,59.3
2.400033792,0.8915,92.9,7.25,59.8
2.400027136,0.8915,91.1,7.25,58.7
2.400030464,0.8915,91.0,6.99,59.8
2.400030464,0.8915,91.0,6.99,58.7
2.400023808,0.8915,92.3,6.99,58.2
2.40002048,0.8915,88.6,6.99,60.4
2.400017408,0.8915,90.7,6.99,60.4
2.400023808,0.8915,91.0,6.99,60.4
2.400027136,0.8915,91.2,6.99,59.8
2.400030464,0.8915,91.8,6.99,59.3
2.400023808,0.8915,93.0,6.99,60.4
2.40002048,0.8915,92.0,6.99,60.4
2.400023808,0.8915,92.7,6.99,59.3
2.400030464,0.8915,94.7,6.99,59.3
2.400023808,0.8915,89.9,6.99,59.3
2.400033792,0.8915,90.3,6.99,60.4
2.400027136,0.8915,87.5,6.99,59.8
2.400023808,0.8915,90.4,6.99,59.8
2.40002048,0.8915,90.8,6.99,60.9
2.400027136,0.8915,93.9,6.99,59.8
2.400030464,0.8915,91.6,6.99,60.4
2.400033792,0.8915,93.7,6.99,59.8
2.40002048,0.8915,88.0,6.99,59.3
2.400017408,0.8915,91.3,6.99,59.8
2.40002048,0.8915,89.2,6.99,60.4
2.400023808,0.8915,89.9,6.99,60.4
2.40002048,0.8915,87.8,6.99,59.8
2.400023808,0.8915,88.7,6.99,58.2
2.400023808,0.8915,86.0,6.99,60.4
2.400027136,0.8915,89.1,6.99,60.4
2.40002048,0.8915,93.0,6.99,58.7
2.400023808,0.8915,93.9,6.99,59.8
2.400033792,0.8915,89.1,6.99,58.7
2.400033792,0.8915,87.3,6.99,59.8
2.400017408,0.8915,88.6,6.99,59.3
2.400030464,0.8915,88.3,6.99,59.3
2.400027136,0.8915,88.1,6.99,59.3
2.40002048,0.8915,90.2,6.99,59.3
2.400023808,0.8915,90.9,7.4,59.8
2.400027136,0.8915,90.1,7.4,59.8
2.400023808,0.8915,95.7,7.4,59.3
2.400023808,0.8915,87.3,7.4,60.4
2.400023808,0.8915,87.6,7.4,58.7
2.40003712,0.8915,87.6,7.4,60.4
2.40002048,0.8915,91.0,7.4,58.7
2.40002048,0.8915,89.2,7.4,59.8
2.400030464,0.8915,70.9,7.4,59.3
2.40003712,0.8915,47.3,7.4,59.8
2.400033792,0.8915,48.2,7.4,58.7
2.400027136,0.8915,46.2,7.4,58.7
2.400023808,0.8915,48.1,7.4,58.7
2.400023808,0.8915,50.9,7.4,57.6
2.400017408,0.8915,11.2,7.4,56.5
2.400017408,0.8915,3.8,7.4,55.4
2.400033792,0.8915,0.0,7.4,55.4
2.40002048,0.8915,2.8,7.4,56.0
2.400033792,0.8915,0.0,6.8,54.9
2.400030464,0.8915,2.9,6.8,54.9
2.400033792,0.8915,7.4,6.8,54.3
2.400027136,0.8915,7.3,6.8,53.8
2.40002048,0.8915,10.4,6.8,54.3
2.400023808,0.8915,0.9,6.8,54.9
2.40002048,0.8915,0.0,6.8,54.9
2.400027136,0.8915,0.9,6.8,53.8
2.40002048,0.8915,0.9,6.8,54.3
2.400030464,0.8915,2.8,6.8,53.2
1.700024448,0.8915,9.2,6.8,53.8
1.600013696,0.8915,3.7,6.8,53.8
1.700017792,0.8915,24.5,6.8,54.9
2.40002048,0.8915,55.9,6.8,56.5
2.40003712,0.8915,63.0,6.8,54.3
2.40002048,0.8915,62.7,6.8,56.5
2.400023808,0.8915,53.2,6.8,56.5
2.400033792,0.8915,39.4,6.8,54.3
2.40002048,0.8915,43.8,6.42,55.4
2.400033792,0.8915,38.6,6.42,56.0
2.400033792,0.8915,41.0,6.42,56.0
2.40002048,0.8915,42.2,6.42,55.4
2.40002048,0.8915,40.0,6.42,54.3
2.400027136,0.8915,40.0,6.42,54.9
2.40002048,0.8915,41.3,6.42,56.5
2.40002048,0.8915,40.6,6.42,55.4
2.400023808,0.8915,38.5,6.42,56.0
2.400033792,0.8915,37.7,6.42,55.4
2.400023808,0.8915,42.9,6.42,56.0
2.40002048,0.8915,38.1,6.42,54.9
2.400023808,0.8915,37.3,6.42,56.0
1.900026112,0.8915,41.5,6.42,55.4
2.40002048,0.8915,40.6,6.42,55.4
2.400030464,0.8915,46.2,6.42,56.0
2.400017408,0.8915,43.9,6.42,54.9
2.400027136,0.8915,40.7,6.42,56.0
2.400017408,0.8915,58.7,6.38,56.5
2.400023808,0.8915,57.5,6.38,55.4
2.400027136,0.8915,56.3,6.38,57.1
2.40003712,0.8915,10.9,6.38,54.9
2.400023808,0.8915,2.8,6.38,54.9
2.40002048,0.8915,0.0,6.38,55.4
2.400023808,0.8915,0.0,6.38,54.3
2.400030464,0.8915,1.0,6.38,53.2
2.40002048,0.8915,0.9,6.38,54.3
2.400033792,0.8915,1.9,6.38,53.8
2.400027136,0.8915,1.9,6.38,53.8
2.400033792,0.8915,6.5,6.38,52.7
2.400027136,0.8915,12.1,6.38,53.8
2.400023808,0.8915,0.9,6.38,53.8
1.700017792,0.7953,0.9,6.38,52.7
1.700017792,0.8915,9.3,6.38,53.2
1.700024448,0.8915,15.9,6.38,53.2
1.500016128,0.75,0.9,6.38,52.7
1.500019456,0.8915,0.0,6.38,51.6
1.500019456,0.75,1.8,5.87,52.1
1.500019456,0.75,0.0,5.87,52.1
1.500016128,0.75,0.0,5.87,52.1
1.600023552,0.8915,1.9,5.87,52.1
1.500019456,0.75,0.0,5.87,52.1
1.5000128,0.75,0.9,5.87,52.1
1.500016128,0.75,0.9,5.87,51.6
1.600010368,0.7815,0.9,5.87,51.6
1.5000128,0.75,0.0,5.87,50.5
1.500016128,0.75,1.8,5.87,51.6
1.500019456,0.75,0.0,5.87,51.0
1.500016128,0.75,1.9,5.87,51.6
1.500016128,0.75,0.0,5.87,51.6
1.5000128,0.75,1.8,5.87,50.5
1.500019456,0.8915,1.9,5.87,51.6
1.500009472,0.75,0.9,5.87,51.0
1.500022656,0.75,0.9,5.87,50.5
1.600013696,0.8915,3.7,5.87,51.6
1.600013696,0.8915,7.3,5.48,52.1
1.900022784,0.8915,17.8,5.48,52.1
1.5000128,0.75,7.3,5.48,52.7
1.500019456,0.75,0.0,5.48,51.6
1.500016128,0.75,0.9,5.48,51.6
1.500016128,0.75,1.8,5.48,51.0
1.500016128,0.75,0.9,5.48,51.6
1.900026112,0.8915,14.7,5.48,50.5
1.500019456,0.75,0.9,5.48,50.5
1.500019456,0.75,0.0,5.48,50.5
1.500019456,0.75,0.9,5.48,51.0
1.600013696,0.8915,2.8,5.48,51.0
1.500019456,0.75,0.9,5.48,50.5
1.5000128,0.75,6.5,5.48,51.6
1.500022656,0.75,0.9,5.48,51.0
1.500019456,0.75,0.9,5.48,51.0
1.70002112,0.7953,10.2,5.48,51.0
1.5000128,0.75,0.9,5.48,51.0
1.500022656,0.75,0.0,5.48,52.1
1.5000128,0.75,1.9,5.04,51.0
1.500019456,0.75,1.8,5.04,51.0
1.500019456,0.75,0.9,5.04,50.5
1.5000128,0.8915,1.9,5.04,51.6
1.500009472,0.75,0.9,5.04,50.5
1.500022656,0.75,0.0,5.04,50.5
1.500019456,0.75,0.0,5.04,50.5
1.600013696,0.8915,1.9,5.04,51.0
1.500019456,0.75,0.0,5.04,50.5
1.500019456,0.8915,4.6,5.04,52.1
1.500016128,0.8915,2.8,5.04,51.0
1.500016128,0.75,3.7,5.04,50.5
1.5000128,0.75,0.9,5.04,49.4
1.5000128,0.75,0.9,5.04,49.4
1.600017024,0.7815,1.9,5.04,51.0
1.500019456,0.75,0.9,5.04,49.9
1.500019456,0.8915,2.8,5.04,50.5
1.500022656,0.75,4.5,5.04,50.5
1.600023552,0.7815,1.9,4.64,49.9
1.600013696,0.7815,1.9,4.64,50.5
1.600017024,0.8915,3.6,4.64,49.9
1.5000128,0.8915,0.9,4.64,50.5
1.5000128,0.75,1.8,4.64,48.8
1.600013696,0.7815,1.9,4.64,50.5
1.500022656,0.75,3.7,4.64,50.5
1.600017024,0.8915,2.8,4.64,50.5
1.5000128,0.75,0.0,4.64,48.8
1.500019456,0.8915,3.7,4.64,51.0
1.500019456,0.75,2.8,4.64,49.9
1.600020224,0.75,2.8,4.64,49.4
1.5000128,0.75,0.0,4.64,48.8
1.500016128,0.8915,1.9,4.64,49.9
1.500016128,0.75,0.9,4.64,51.0
1.600020224,0.7815,3.7,4.64,48.8
1.500019456,0.75,2.8,4.64,50.5
1.500016128,0.8915,0.9,4.64,50.5
1.500022656,0.8915,0.9,4.64,48.8
1.600017024,0.7815,1.9,4.27,49.9
1.500016128,0.8915,0.9,4.27,49.9
1.500016128,0.75,3.6,4.27,49.9
1.500022656,0.75,2.8,4.27,49.4
1.600020224,0.8915,4.5,4.27,52.1
1.600023552,0.8915,1.9,4.27,49.9
1.500019456,0.75,1.9,4.27,49.4
1.600017024,0.8915,4.7,4.27,49.9
1.5000128,0.75,2.8,4.27,49.9
1.500022656,0.75,0.9,4.27,49.9
1.600017024,0.8915,1.9,4.27,50.5
1.500016128,0.75,3.6,4.27,50.5
1.500019456,0.75,3.7,4.27,49.4
1.500019456,0.8915,1.9,4.27,49.9
1.600013696,0.8915,6.4,4.27,49.9
1.500016128,0.75,2.8,4.27,49.4
1.500019456,0.8915,5.6,4.27,49.9
1.5000128,0.75,2.8,4.27,49.4
1.600023552,0.8915,2.8,3.93,51.0
1.600017024,0.8915,7.3,3.93,49.4
1.600023552,0.8915,2.8,3.93,50.5
2.400027136,0.8915,21.5,3.93,51.0
2.40002048,0.8915,26.9,3.93,51.6
2.400017408,0.8915,26.9,3.93,49.9
2.40002048,0.8915,26.2,3.93,51.0
2.400027136,0.8915,27.1,3.93,53.2
2.400017408,0.8915,27.5,3.93,52.7
2.40002048,0.8915,25.2,3.93,52.1
2.400023808,0.8915,36.7,3.93,52.7
2.400023808,0.8915,47.6,3.93,52.7
2.400033792,0.8915,56.6,3.93,52.7
2.40002048,0.8915,42.5,3.93,52.7
2.400030464,0.8915,64.4,3.93,51.6
2.400023808,0.8915,69.2,3.93,52.7
2.400027136,0.8915,61.6,3.93,53.2
2.400030464,0.8915,41.5,3.93,53.8
2.400027136,0.8915,67.3,3.93,54.3
2.40002048,0.8915,86.7,4.65,54.9
2.400033792,0.8915,81.7,4.65,54.3
2.400017408,0.8915,74.8,4.65,53.8
2.400027136,0.8915,81.4,4.65,53.2
2.400033792,0.8915,89.5,4.65,54.3
2.400030464,0.8915,67.0,4.65,54.9
2.400027136,0.8915,62.7,4.65,53.8
2.40002048,0.8915,71.7,4.65,54.9
2.400033792,0.8915,90.0,4.65,52.7
2.400023808,0.8915,64.5,4.65,53.8
2.400033792,0.8915,75.2,4.65,54.3
2.40002048,0.8915,78.6,4.65,54.3
2.400023808,0.8915,84.4,4.65,54.3
2.400033792,0.8915,75.9,4.65,54.9
2.400033792,0.8915,59.5,4.65,53.8
2.400033792,0.8915,67.3,4.65,53.8
2.400027136,0.8915,59.6,4.65,52.7
2.40002048,0.8915,55.9,4.65,54.3
2.40002048,0.8915,18.9,4.52,52.7
2.400030464,0.8915,27.3,4.52,53.2
2.400030464,0.8915,27.4,4.52,53.8
2.400027136,0.8915,26.4,4.52,52.1
2.400027136,0.8915,9.3,4.52,52.7
2.400027136,0.8915,5.6,4.52,52.1
2.400033792,0.8915,0.9,4.52,52.1
2.400030464,0.8915,3.7,4.52,50.5
2.40002048,0.8915,2.8,4.52,51.0
2.400030464,0.8915,20.4,4.52,52.1
2.400023808,0.8915,68.5,4.52,52.7
2.40002048,0.8915,38.1,4.52,53.2
2.400017408,0.8915,38.4,4.52,51.6
2.400033792,0.8915,55.2,4.52,53.2
2.400027136,0.8915,33.3,4.52,54.3
2.40003712,0.8915,35.2,4.52,53.2
2.400030464,0.8915,21.0,4.52,52.7
2.400023808,0.8915,11.1,4.52,52.1
2.40002048,0.8915,10.5,4.24,50.5
2.400023808,0.8915,3.8,4.24,51.6
2.40002048,0.8915,6.8,4.24,51.6
1.80001536,0.8915,7.5,4.24,52.1
