168347,-65,17,16787,1
168448,-67,-9,16766,1
168549,-57,14,16763,1
168650,-53,3,16776,1
168750,-59,27,16770,1
168851,-61,7,16755,1
168951,-87,14,16745,1
169052,-55,2,16759,1
169153,-75,9,16743,1
169253,-77,3,16738,1
169354,-61,26,16722,1
169455,-59,7,16768,1
169556,-71,9,16758,1
169657,-67,1,16771,1
169757,-67,10,16780,1
169858,-57,21,16766,1
169959,-67,28,16776,1
170060,-46,11,16782,1
170161,-70,13,16768,1
170262,-72,-6,16735,1
170362,-76,21,16771,1
170463,-78,-20,16747,1
170563,-92,16,16753,1
170663,-74,-10,16776,1
170764,-90,8,16763,1
170865,-86,-23,16747,1
170966,-64,13,16773,1
171066,-83,-9,16764,1
171167,-91,6,16736,1
171267,-971,-3860,16518,1
171368,-582,440,16878,1
171469,-1431,1161,16943,1
171569,-1080,2959,17744,1
171670,-933,6083,16440,1
171771,2064,1054,16285,1
171872,4446,-51,17056,1
171973,5535,-619,15895,1
172074,6948,1429,13819,1
172174,8359,5152,16950,1
172275,8271,-230,12337,1
172375,6534,-57,13829,1
172476,8051,2868,15007,1
172577,8194,2219,15042,1
172678,9629,-43,14515,1
172778,9634,-1659,13136,1
172879,8887,-766,14308,1
172979,9961,4378,11737,1
173080,6831,61,15209,1
173181,4264,3941,14874,1
173282,3434,2923,17794,1
173382,2213,5057,14785,1
173483,2575,3293,17369,1
173584,3711,6983,12362,1
173685,3449,6790,15074,1
173786,5914,6104,13778,1
173886,7349,2772,9046,1
173987,4239,3163,15032,1
174088,9797,4459,14006,1
174189,8340,4873,13390,1
174290,7399,4906,14825,1
174390,4093,6446,15768,1
174491,4278,4667,15968,1
174591,3516,1574,15484,1
174692,3078,-1653,12631,1
174793,3679,-1568,18690,1
174894,5452,-3196,19795,1
174994,7557,-7918,17739,1
175095,4467,-5264,17441,1
175195,4357,-1926,13495,1
175296,7489,-581,14689,1
175397,9719,818,12476,1
175498,13031,-2307,10500,1
175598,14827,-2427,3543,1
175699,11071,748,6473,1
175799,14519,1003,-1680,1
175899,13373,6295,-2772,0
176000,9243,12883,-6547,0
176101,-16590,22258,-18439,0
176202,-23227,-32764,32729,0
176302,976,-32764,17170,0
176403,-5848,-22345,5243,0
176504,-4607,10266,-671,0
176605,13544,6210,-393,0
176706,16790,5522,-3388,0
176807,11155,6127,-1532,1
176907,2316,5633,-1970,1
177008,-1834,-1986,20089,1
177109,-6470,3127,27996,1
177209,-2513,5141,21507,1
177310,1346,1677,20618,1
177411,-1637,-1719,19994,1
177512,790,509,15453,1
177612,4421,-1476,16088,1
177713,5348,-1976,12138,1
177813,7625,-683,13467,1
177914,7697,-328,16801,1
178015,7454,-548,16936,1
178116,6784,543,15885,1
178216,5254,176,16656,1
178317,5024,398,16677,1
178418,6296,1368,14234,1
178518,5766,-562,15147,1
178618,6360,-953,11984,1
178719,5727,-351,12184,1
178820,2121,-1824,14866,1
178921,1299,-2038,14302,1
179021,-139,-3079,13526,1
179122,-4985,-4477,11838,1
179223,-10742,-3707,9676,1
179323,-14973,-9509,20388,1
179423,-14591,-7634,17749,1
179523,-12627,-10375,12768,1
179623,-7738,-11746,7484,1
179723,-9448,-12734,8292,1
179823,-8485,-13052,7910,1
179924,-5901,-15282,6127,1
180025,-5248,-16634,3409,1
180126,-5288,-15114,1964,1
180227,-4076,-13805,1527,1
180327,-2988,-14275,-1395,1
180428,-2956,-14084,-2461,1
180529,-309,-15340,-3197,1
180630,58,-17408,-1520,1
180731,727,-19138,1834,1
180832,1311,-18165,3260,1
180933,3799,-15015,4528,1
181033,3848,-12230,7655,1
181134,6566,-11415,9653,1
181234,6371,-8162,12784,1
181335,1106,1415,11374,1
181436,-60,7965,12601,1
181537,-533,11683,9609,1
181638,810,5502,9188,1
181738,-6394,10154,9517,1
181839,-5303,7263,5169,1
181939,-7053,2859,14097,1
182040,-16909,12964,14884,1
182141,-6678,9835,9966,1
182242,-23174,14846,12516,1
182343,-9515,8839,17524,1
182443,-7315,14736,11786,1
182544,-5183,15366,11091,1
182644,81,9821,11404,1
182745,3712,5344,8453,1
182846,6231,11392,5259,1
182947,7798,14635,5430,1
183048,6108,15277,3118,1
183148,9781,11083,3924,1
183249,10893,10322,3905,0
183350,9902,913,3287,0
183450,462,-8254,-2475,0
183551,-21760,11803,-10770,0
183652,-32748,32748,-32748,0
183753,-13436,13383,1652,0
183854,-8672,12552,1440,0
183954,1164,-12320,-5214,0
184055,7244,-18282,-4500,0
184156,6936,10480,13008,1
184256,12588,21245,15529,1
184357,12448,14400,4039,1
184458,11743,6870,2886,1
184559,10053,-3424,483,1
184660,2440,8512,5944,1
184760,-7430,18539,1907,1
184861,-11839,13646,2548,1
184962,-13644,29049,10050,1
185062,-948,20463,13796,1
185163,-6709,18571,11053,1
185264,-7176,12827,13808,1
185365,-5890,10285,12072,1
185466,3278,10072,8311,1
185566,-642,7464,11115,1
185667,-158,5103,12203,1
185768,390,5396,12666,1
185868,-395,6462,16551,1
185969,1405,4184,18599,1
186070,2112,4594,14633,1
186171,984,3587,16605,1
186272,1255,1483,19083,1
186372,3357,2829,16724,1
186473,4279,1162,15228,1
186574,3066,1784,15294,1
186674,4473,1239,15617,1
186774,4133,721,16495,1
186875,3883,778,17711,1
186976,5486,119,18748,1
187077,7853,-1430,16442,1
187178,11542,-3203,12958,1
187279,12645,-3133,7476,1
187379,9593,-439,-2789,1
187480,-1131,515,-9044,0
187580,-7927,-2496,32764,0
187680,6219,-5881,9225,0
187781,2901,2611,-13925,0
187882,11068,4591,-3596,0
187983,14741,531,-67,0
188084,12808,3038,-1978,0
188185,7693,745,9437,1
188285,1886,123,16873,1
188386,-906,-672,18477,1
188486,-1019,-2797,22313,1
188587,-1972,2526,17416,1
188688,-2686,-2065,20887,1
188789,-4454,-2271,19835,1
188890,-3181,-5619,16774,1
188991,-6073,-5985,16820,1
189091,-1304,-7366,16200,1
189192,4867,-11352,11030,1
189293,3413,-5752,6944,1
189394,621,-6834,10697,1
189495,991,-8472,18376,1
189596,-688,-7630,16169,1
189697,-994,-9279,21633,1
189798,4876,-12200,14232,1
189898,5439,-9281,6373,1
189999,4608,-8256,6576,1
190100,7356,-12851,9930,1
190200,8891,-14382,10137,1
190300,8488,-12259,10925,1
190401,7578,-9919,9320,1
190502,7169,-8669,10475,1
190603,6587,-8932,10601,1
190704,8224,-11276,9565,1
190805,9218,-12869,8311,1
190905,9493,-13105,8444,1
191006,9128,-12536,8282,1
191107,9318,-12297,7680,1
191207,9561,-12175,8016,1
191307,10053,-11966,7992,1
191408,11237,-11913,8030,1
191509,11044,-9789,7571,1
191609,11557,-8732,6700,1
191710,12732,-8446,5880,1
191811,13127,-6964,5253,1
191912,13336,-6102,4393,1
192013,13923,-6059,4551,1
192114,14179,-5920,3256,1
192215,14098,-5130,3573,1
192315,14743,-6305,4716,1
192416,14810,-5715,3630,1
192517,15096,-6302,4488,1
192617,14433,-5507,4637,1
192718,15130,-4885,3455,1
192819,12898,3545,-2443,0
192920,-8068,6407,-4568,0
193021,12935,-32764,24535,0
193122,12493,-31970,10269,0
193222,-2752,-6848,-723,0
193323,-363,13143,-2093,0
193424,7435,9763,-1067,1
193524,18710,-3466,2526,1
193625,17560,-2371,1934,1
193726,16863,-2668,1873,1
193827,13972,-3231,3329,1
193928,11041,-1388,6376,1
194029,9357,383,9131,1
194129,7752,166,15776,1
194230,3621,2507,22218,1
194331,1329,3454,22014,1
194431,2959,2786,17041,1
194531,4196,1937,16786,1
194631,5950,-198,15970,1
194731,7970,-3206,13179,1
194832,8316,-1156,9595,1
194933,8700,437,10482,1
195034,9767,-453,17394,1
195135,8102,-495,16111,1
195236,6812,3582,18223,1
195336,3348,3393,14414,1
195437,8492,3792,9664,1
195538,4469,5573,12499,1
195638,5707,10586,12979,1
195739,6442,7216,13018,1
195840,9771,11108,8386,1
195941,8849,14593,1856,1
196042,8595,18260,242,1
196143,6763,15535,-402,1
196244,5870,19647,-2575,1
196344,2644,11314,-4197,1
196445,1916,19324,-4096,1
196546,2547,12551,-4740,1
196646,-1413,16296,369,1
196747,-2072,17627,197,1
196848,68,13938,-3933,1
196949,-940,20614,-16211,1
197050,133,15320,-10463,1
197151,-1122,16033,-2866,1
197252,-447,16118,-2808,1
197352,-562,16553,-1542,1
197453,-172,15598,1057,1
197554,-145,15934,491,1
197654,-185,16347,-1663,1
197754,-215,15730,916,1
197855,-191,16433,-1425,1
197956,-210,15897,636,1
198057,-219,16374,-1209,1
198158,-203,15976,300,1
198259,-150,16169,-245,1
198360,-239,16342,-792,1
198460,-186,16098,-16,1
198561,-197,16031,116,1
198662,-223,16256,-290,1
198763,-242,16240,-382,1
198863,-169,16186,-405,1
198964,-223,16185,-307,1
199065,-209,16187,-320,1
199166,-216,16170,-312,1
199267,-207,16186,-330,1
199368,-210,16168,-297,1
199469,-218,16188,-291,1
199570,-193,16175,-288,1
199670,-214,16205,-319,1
199771,-216,16174,-278,1
199872,-197,16153,-313,1
199972,-218,16173,-317,1
200072,-221,16194,-361,1
200172,-192,16062,-345,1
200273,-235,16174,-388,1
200374,-240,16145,-345,1
200475,-187,16111,-344,1
200576,-214,16156,-289,1
200677,-214,16171,-303,1
200778,-194,16172,-306,1
200879,-202,16188,-329,1
200979,-215,16177,-318,1
201080,-206,16166,-341,1
201181,-211,16174,-350,1
201281,-212,16171,-348,1
201381,-217,16168,-354,1
201482,-206,16171,-345,1
201583,-216,16168,-315,1
201684,-213,16178,-326,1
201785,-187,16177,-296,1
201886,-207,16160,-322,1
201987,-205,16187,-298,1
202088,-203,16187,-304,1
202188,-184,16175,-317,1
202289,-215,16166,-307,1
202390,-219,16168,-322,1
202491,-216,16185,-352,1
202591,-205,16177,-346,1
202691,-241,16244,-607,1
202792,-1157,12589,-1159,1
202893,103,14287,-10425,1
202994,-560,13025,-9828,1
203095,-316,12279,-10825,1
203196,-1309,11223,-14016,1
203297,-880,10243,-18306,1
203398,-276,8908,-12683,1
203498,154,7752,-13908,1
203599,377,6973,-14330,1
203700,1268,4361,-14615,1
203800,917,5378,-15461,1
203900,874,5395,-15336,1
204000,878,5421,-15237,1
204100,884,5402,-15257,1
204201,893,5419,-15275,1
204302,892,5402,-15249,1
204403,882,5406,-15254,1
204504,901,5405,-15257,1
204605,875,5406,-15247,1
204706,878,5415,-15268,1
204807,899,5412,-15251,1
204908,894,5398,-15269,1
205008,877,5410,-15272,1
205109,885,5408,-15261,1
205210,890,5394,-15249,1
205310,873,5397,-15277,1
205410,879,5408,-15260,1
205510,873,5422,-15329,1
205610,875,5407,-15262,1
205710,882,5405,-15249,1
205811,886,5404,-15255,1
205911,894,5406,-15267,1
206011,883,5416,-15269,1
206111,894,5391,-15262,1
206211,883,5396,-15260,1
206311,875,5405,-15259,1
206412,874,5397,-15264,1
206513,876,5402,-15285,1
206614,884,5405,-15277,1
206715,884,5401,-15265,1
206816,886,5404,-15276,1
206917,892,5410,-15263,1
207018,880,5383,-15290,1
207119,1140,5506,-15009,1
207219,905,5415,-15391,1
207320,589,5225,-15694,1
207421,360,7092,-14496,1
207522,-250,9528,-9967,1
207622,-767,12849,-10890,1
207722,-565,15096,-5817,1
207822,-117,14835,1568,1
207922,-669,7641,10292,1
208022,-4111,1922,13060,1
208122,-199,-103,16978,1
208222,498,-1787,16393,1
208323,-57,59,16781,1
208424,-70,74,16752,1
208525,-78,75,16738,1
208626,-88,67,16699,1
208727,-70,84,16722,1
208828,-73,74,16737,1
208929,-81,56,16742,1
209030,-84,64,16749,1
209131,-70,66,16753,1
209231,-84,76,16754,1
209332,123,574,18086,1
209433,-34,-134,19103,1
209534,-56,97,17291,1
209634,-36,-62,16583,1
209734,-52,142,16906,1
209834,-52,-20,16639,1
209934,-23,159,16703,1
210034,-81,8,16860,1
210134,-26,132,16818,1
210234,-72,-11,16703,1
210334,-111,123,16809,1
210434,-102,-4,16735,1
210534,-63,102,16707,1
210634,1786,3201,31783,1
210734,151,61,19065,1
210834,35,-8,17121,1
210935,43,193,17118,1
211036,-321,-2453,30869,1
211137,68,134,18742,1
211238,47,22,16982,1
211339,-3,157,16496,1
211440,-154,70,16679,1
211541,-76,100,16715,1
211642,-49,46,16937,1
211743,-77,109,16833,1
211844,-104,29,16642,1
211944,-101,68,16814,1
212045,-27,34,16739,1
212146,-68,79,16677,1
212247,-918,-567,10089,1
212347,-111,-67,15598,1
212447,-98,33,15826,1
212548,622,-1512,24056,1
212649,-282,23,14472,1
212750,-173,33,16342,1
212851,-77,74,17082,1
212952,-68,93,17150,1
213053,134,431,16865,1
213154,-2153,-1762,17552,1
213255,504,-2125,17898,1
213356,-3190,-5914,18913,1
213457,-446,-4156,16916,1
213558,4327,-770,15321,1
213658,6411,3239,11795,1
213759,4335,109,14363,1
213860,9434,-3553,12586,1
213961,6795,-897,8626,1
214061,6845,2850,18987,1
214162,7524,-142,17826,1
214263,8580,-2659,16950,1
214364,11512,-5510,13433,1
214465,14107,-7562,10174,1
214566,14252,-5278,8717,1
214667,13388,-2278,7637,1
214768,11533,1927,5956,1
214869,12910,2483,3245,1
214970,15441,1041,3248,1
215071,16338,157,3074,1
215172,16093,375,2522,1
215272,17116,-487,2965,1
215373,16794,-389,2668,1
215474,13189,3408,-591,0
215575,22360,-8944,10595,0
215675,12179,11490,-9081,0
215775,-10191,22087,-12285,0
215875,-6383,-32764,10320,0
215975,220,-32764,3245,0
216076,-18583,32703,-16343,0
216177,21887,-28603,19421,0
216278,14552,-5859,1354,0
216379,15010,-6199,2604,1
216480,9862,-3263,4901,1
216581,9945,-5649,4111,1
216682,7204,-2034,7050,1
216783,6355,-6548,7389,1
216884,6424,-21829,9959,1
216985,7453,-22954,11110,1
217086,4637,-15981,7593,1
217187,3167,-13105,9623,1
217287,5296,-12598,9485,1
217388,4029,-11410,9181,1
217489,3188,-13303,9424,1
217590,3227,-13100,9405,1
217690,2684,-13359,8612,1
217790,2760,-13738,8867,1
217890,2215,-14401,8512,1
217990,1572,-13340,8300,1
218090,2154,-13866,8908,1
218191,3396,-14504,9667,1
218292,3613,-14578,9534,1
218393,4070,-16242,7355,1
218494,5095,-19780,4052,1
218595,4972,-12561,8075,1
218696,4874,-7349,9828,0
218797,1334,-10850,4037,0
218898,6831,-31063,2583,0
218999,-8045,-32764,7049,0
219100,-15464,17077,-1262,0
219201,-15333,22112,-4435,0
219302,32716,-32746,19623,0
219403,1562,15990,-3895,0
219503,11313,4752,211,0
219604,12229,5092,-2168,0
219705,16150,-786,2385,1
219806,8480,-928,5331,1
219906,8805,-5821,3339,1
220006,9317,-14724,6908,1
220106,5344,-15584,11167,1
220206,6299,-18978,13386,1
220306,5209,-17679,11743,1
220407,3683,-13588,11267,1
220508,2681,-12590,10249,1
220609,3546,-12808,9710,1
220710,3746,-13550,6907,1
220811,3441,-13079,6763,1
220912,4186,-14163,8038,1
221013,4710,-14287,7421,1
221114,4835,-14912,6699,1
221215,4618,-15083,7602,1
221316,2849,-14427,8315,1
221416,3296,-18609,-3046,0
221517,3338,-18194,-4824,0
221618,-23065,-1598,26990,0
221719,-9005,-11654,18786,0
221820,4751,-1918,-16494,0
221920,12366,-6753,-1927,0
222020,10698,-8881,7338,1
222120,9091,-6685,13227,1
222220,11183,-9692,11889,1
222320,7952,-7797,10234,1
222420,4561,-4577,4585,1
222520,-3010,-8066,7728,1
222620,3751,-28280,14988,1
222720,2734,-16300,8008,1
222821,2801,-15254,9117,1
222922,2198,-14881,8970,1
223023,2186,-12027,8455,1
223124,3351,-12941,9136,1
223225,4609,-15089,9452,1
223325,4997,-14576,7729,1
223425,5856,-13902,7286,1
223525,6869,-12950,7115,1
223625,8630,-13264,8022,1
223725,11207,-13549,7214,1
223825,12976,-12164,6934,1
223925,11396,-3410,4321,0
224025,12148,2064,2573,0
224125,-14092,19137,-9604,0
224225,-12927,-32764,32764,0
224325,-2763,-32764,26642,0
224425,1181,-25842,9859,0
224525,-7434,-1355,-197,0
224625,5790,-13270,9383,0
224725,9528,-9670,5895,1
224825,9410,-10576,6750,1
224925,8808,-10878,6405,1
225025,9396,-11481,6649,1
225125,10005,-13855,7585,1
225225,9000,-13153,7914,1
225325,9562,-13067,8229,1
225425,8422,-12713,7631,1
225525,7463,-11483,8373,1
225625,7268,-11703,8392,1
225725,7268,-11863,8151,1
225825,7547,-11877,7738,1
225925,8017,-12025,7249,1
226025,8327,-13024,7726,1
226125,8395,-12644,7630,1
226225,8613,-12581,7251,1
226325,8175,-12362,6968,1
226425,7709,-12225,7182,1
226525,8090,-13363,7659,1
226625,8016,-12830,7233,1
226725,7630,-12540,7322,1
226825,7368,-12507,7081,1
226925,7179,-11997,6472,1
227025,2589,-6976,2487,0
227125,1515,-19354,10377,0
227225,3312,-32559,14100,0
227325,8659,-32764,16763,0
227425,-16167,-1496,3328,0
227525,-12195,21262,-11237,0
227625,32716,-16763,25482,0
227725,5827,6489,-7643,1
227825,13581,-5301,6568,1
227925,14665,-8335,5486,1
228025,11895,-7116,4351,1
228125,8497,-8811,5164,1
228225,9160,-22071,15918,1
228325,8402,-14981,8963,1
228425,7111,-14437,8184,1
228525,7282,-13814,8835,1
228625,7079,-12919,8639,1
228725,6403,-12106,8222,1
228825,6841,-11896,8413,1
228925,6764,-11580,8916,1
229025,7585,-11926,8834,1
229125,7847,-11772,8551,1
229225,7988,-12243,8885,1
229325,8592,-12548,8648,1
229425,9096,-11679,8586,1
229525,11474,-11969,7760,1
229625,13341,-10980,6699,1
229725,12096,-6583,4413,1
229825,13395,-6999,5059,1
229926,14949,-8107,5765,1
230027,14853,-7234,5275,1
230127,11568,-1292,794,1
230227,6585,1031,-741,0
230327,-282,-9145,5701,0
230427,-1186,-32735,14988,0
230527,-1098,-32764,6996,0
230627,-12851,16337,-4040,0
230727,2528,8029,-1086,0
230827,6345,-24305,17245,0
230927,16318,-5510,1926,0
231027,14459,-4285,4629,0
231127,12913,-5064,6162,1
231227,13084,-5371,5696,1
231327,10999,-4333,5956,1
231427,10291,-7568,6716,1
231527,8958,-9737,9565,1
231627,12449,-14540,6897,1
231727,10374,-13975,7539,1
231827,9640,-12969,8140,1
231927,8257,-11247,8675,1
232027,8655,-11626,8215,1
232127,8760,-11559,8849,1
232227,8709,-11500,9302,1
232327,8051,-11047,8107,1
232427,8806,-11907,8806,1
232527,8882,-11371,8246,1
232627,8767,-11420,8776,1
232727,9323,-11850,8233,1
232827,9139,-11423,7880,1
232927,8671,-11177,8091,1
233027,8575,-11076,7976,1
233127,8753,-11345,8279,1
233227,9729,-11928,7761,1
233327,13239,-14891,4249,1
233427,16158,-14680,11309,0
233527,-3290,7585,18435,0
233627,11159,-26928,5996,0
233727,9957,-32764,14738,0
233827,2469,-21628,-6381,0
233927,643,-16344,3242,1
234027,4698,-13111,6320,1
234127,5984,-10455,3692,1
234227,6396,-10501,3254,1
234327,6366,-13371,4814,1
234427,7327,-13882,5833,1
234527,9748,-16108,6819,1
234627,7553,-14584,6427,1
234727,6402,-12401,5901,1
234827,6641,-12889,6415,1
234927,7196,-13915,6387,1
235027,6895,-13968,6191,1
235127,6719,-13725,6004,1
235227,7343,-13794,6164,1
235327,6901,-13573,6205,1
235427,7108,-13864,6299,1
235527,7106,-13597,5943,1
235627,7162,-13675,5891,1
235727,6980,-13686,6565,1
235827,6075,-13009,4839,1
235927,4230,-13547,2420,0
236027,10124,-26567,11076,0
236127,9989,-32764,-8879,0
236227,-21155,-615,-20955,0
236327,2982,-21050,32764,0
236427,17497,-14092,5890,0
236527,6004,-4069,8534,1
236627,9186,-7631,10807,1
236727,9770,-7537,9596,1
236827,9363,-7197,8366,1
236927,5159,-6412,6400,1
237027,3511,-8173,6719,1
237127,5676,-19932,16690,1
237227,4825,-15544,9279,1
237327,3291,-15834,8632,1
237427,2646,-14191,9356,1
237527,3795,-17003,9749,1
237627,3273,-15671,9696,1
237727,3837,-15033,8891,1
237827,3842,-12381,7007,1
237927,3376,-12738,7738,1
238027,4376,-13627,9177,1
238127,5520,-14291,7888,1
238227,5743,-11713,5118,1
238327,6838,-12508,3725,1
238427,8958,-13790,4819,1
238527,8798,-11859,3471,1
238627,5779,-13653,2822,0
238727,4606,-16561,14437,0
238827,-11726,-11837,32764,0
238927,257,-27586,-32748,0
239027,4153,-14386,6323,0
239127,-1221,-16935,15993,0
239227,7083,-11467,6430,1
239327,9428,-14244,5338,1
239427,6608,-11981,4146,1
239527,6066,-12181,4870,1
239627,8950,-15714,5559,1
239727,10485,-15963,6669,1
239827,11628,-16008,5624,1
239927,13800,-19814,3467,1
240027,12581,-14872,2859,1
240127,10817,-6422,5491,1
240227,10484,836,2777,1
240327,10880,5851,1367,1
240427,11403,9626,433,1
240527,9660,15667,-4554,1
240627,740,10682,-3889,1
240727,14404,-32764,21664,1
240827,4429,274,-2426,0
240927,7229,5744,3082,1
241027,8148,11100,327,1
241127,13393,7425,1643,1
241227,11884,5716,1956,1
241327,9980,1291,1630,1
241427,13893,-7956,4336,1
241527,16651,-13985,15325,1
241627,16967,-11673,11428,1
241727,12450,-7317,11696,1
241827,12274,-5661,7373,1
241927,13187,-5866,7900,1
242028,14721,-5134,3484,1
242128,16885,-7383,6861,1
242228,18836,-7109,4502,1
242328,14665,-4046,3022,1
242429,12744,1757,-6013,1
242529,11148,3070,-9379,0
242629,-32752,8232,32764,0
242730,12004,-10521,-253,1
242830,13772,-1484,-10610,1
242930,11854,1824,-4445,1
243030,12423,2507,1730,1
243130,14005,1248,1558,1
243230,8306,685,696,1
243330,5035,-1445,4763,1
243430,6637,-6365,18743,1
243530,10895,-12647,27934,1
243630,9440,-10071,23872,1
243730,7698,-8662,16298,1
243831,6931,-6449,11085,1
243931,11558,-9493,8843,1
244032,14097,-9452,4991,1
244132,13026,-5558,2354,1
244232,12220,-1939,1651,0
244333,17519,-9105,5100,0
244433,12794,3335,-4830,0
244533,-32752,-32764,23049,0
244633,-8653,-18957,7157,0
244734,6880,3040,-2741,0
244835,10866,-7989,496,0
244935,13190,-2224,1512,0
245036,15214,-6032,1428,1
245136,12266,-1610,649,1
245236,11302,-3147,1763,1
245336,8334,-3539,3364,1
245437,7829,-3963,7829,1
245537,6852,-4518,18086,1
245637,7081,-7451,21486,1
245737,5960,-9780,27716,1
245837,2289,-5509,18654,1
245938,2334,-2764,12477,1
246038,6288,-5500,11428,1
246139,10852,-11905,10535,1
246240,12782,-12632,6969,1
246341,8210,-12035,6511,1
246442,9068,-32764,21431,0
246542,-3161,-28952,11693,0
246643,-32752,32748,-24594,0
246744,10994,-11943,13142,0
246845,19693,-9233,2555,0
246946,17623,-10874,4526,0
247047,14215,-1565,3084,1
247147,14438,2901,-580,1
247247,11457,5702,-333,1
247348,6636,5609,-1479,1
247448,4304,-1638,1255,1
247548,-1586,-9464,12417,1
247649,8812,-24749,16860,1
247750,7404,-23548,14368,1
247850,3929,-17307,8173,1
247951,1104,-12297,7294,1
248052,2685,-13639,7170,1
248153,3396,-15049,7194,1
248254,4447,-15012,5987,1
248354,4075,-14674,5899,1
248455,3556,-14426,6486,1
248556,4551,-15157,6760,1
248657,4935,-14860,6876,1
248758,5493,-14761,6796,1
248859,6167,-15628,7753,1
248960,7178,-12307,6003,1
249061,7607,-11308,4920,1
249162,9553,-10472,3310,1
249263,10816,-15274,6467,1
249363,12878,-10136,3074,1
249464,11662,-4314,3140,1
249565,12769,-5828,2237,1
249666,13464,-166,-2951,1
249767,16306,-11786,6199,0
249868,-14449,-32648,18517,0
249969,-927,-32764,17853,0
250070,-3993,-19928,768,0
250170,-1092,-9805,797,0
250271,-15663,27329,-7855,0
250372,17195,-9754,9019,1
250473,18730,-456,-2787,1
250574,17098,-1094,-2469,1
250675,16718,-2828,-78,1
250775,15665,-3309,-862,1
250876,16546,-4416,292,1
250977,16581,-6499,890,1
251077,15231,-1198,3384,1
251178,18265,-799,3779,1
251278,15182,491,10170,1
251379,13641,-2570,5252,1
251480,15897,1165,6449,1
251581,16053,473,9243,1
251682,16508,-5310,7381,1
251783,14933,-3540,6419,1
251884,12592,-1187,7084,1
251984,13865,-3823,6556,1
252085,14369,-4485,6395,1
252186,14598,-5659,6026,1
252287,13709,-6417,6159,0
252388,12792,-7116,-874,0
252489,15112,-16210,-32748,0
252590,-21020,-18187,32764,0
252691,4969,-16608,6237,0
252792,12157,-10347,-22403,0
252893,14719,-8724,-7837,0
252994,12387,-3882,6577,0
253095,11045,-1027,4927,1
253196,10522,628,763,1
253297,9255,-3189,3101,1
253398,3519,-4477,4343,1
253498,-318,-7040,6206,1
253599,4612,-25256,9174,1
253700,6039,-24922,13608,1
253801,124,-21618,11740,1
253902,-3137,-14865,9004,1
254003,-2626,-13798,6582,1
254104,-896,-13146,7051,1
254205,-1663,-12004,6406,1
254306,-1285,-13440,8205,1
254407,-1073,-15764,9177,1
254508,-1421,-15367,9937,1
254609,-1372,-14986,9415,1
254710,-313,-13391,8410,1
254811,-1907,-12150,10977,1
254912,161,-13890,19710,1
255013,581,-11308,18381,1
255114,4393,-10417,14994,1
255215,4482,-9235,14508,1
255316,4622,-6825,6744,1
255417,8760,1564,12167,1
255518,13613,2023,12395,1
255619,10914,6032,5493,1
255720,8094,11625,7329,1
255821,1123,4577,5128,1
255922,32,11768,6900,1
256023,-6855,20423,6985,1
256124,-3855,32748,8108,1
256225,-3009,19759,5622,1
256326,-4708,14462,2681,1
256427,-4108,17550,3590,1
256528,-960,21462,258,1
256629,1001,27031,3242,1
256730,3852,19762,619,1
256831,7024,16789,3512,1
256932,12069,19162,3177,1
257033,11487,3098,3404,1
257134,8983,-5023,5696,1
257235,9407,-8546,3584,1
257336,7012,-13125,1781,1
257437,5929,-11049,726,1
257538,8017,-9821,5802,1
257639,12867,-8725,7868,1
257740,3001,-6838,8459,1
257841,-1559,5159,17815,1
257942,-2307,3807,23434,1
258043,-1581,4201,19599,1
258144,-3461,-190,17917,1
258245,-1027,779,15227,1
258346,139,2580,15899,1
258447,-258,286,17427,1
258548,493,1906,16743,1
258649,-169,1869,16411,1
258750,1704,2025,16303,1
258851,66,1277,17185,1
258952,1497,1871,16774,1
259053,1537,2122,16280,1
259154,411,2095,17472,1
259255,724,-2948,17154,1
259356,3700,-4380,12407,1
259457,10655,-1832,9748,1
259558,14494,2326,1919,1
259659,15238,-2640,-6090,1
259760,13076,-9880,-7361,1
259861,12151,-9024,-8337,1
259962,11417,-9418,-7373,1
260063,12045,-8142,-7490,1
260164,12370,-7019,-7215,1
260265,13164,-6795,-6773,1
260366,12795,-6524,-8059,1
260467,12713,-6905,-7552,1
260568,12911,-7004,-7126,1
260669,13129,-5859,-7800,1
260770,12919,-6265,-7705,1
260872,12854,-6069,-7514,1
260972,12974,-5984,-8250,1
261074,12923,-6096,-7881,1
261175,12952,-6121,-8027,1
261276,13081,-6199,-7684,1
261376,13115,-5844,-7965,1
261478,13054,-5909,-7915,1
261579,12823,-6022,-7757,1
261680,13262,-7667,-14166,1
261781,10453,-6333,-2525,1
261882,6263,-2865,9554,1
261983,-902,3666,23049,1
262084,1860,3166,22741,1
262185,5217,2282,15927,1
262286,3927,1070,15574,1
262387,4951,1044,14435,1
262488,5585,936,15114,1
262589,5572,1521,15600,1
262690,5453,1489,16115,1
262791,5834,1328,15263,1
262892,5617,1133,15041,1
262993,5837,1000,15216,1
263094,6005,1163,15617,1
263195,5771,1015,15884,1
263296,5804,910,15667,1
263397,6094,1137,15551,1
263498,6074,1092,15883,1
263599,6067,803,15338,1
263700,6027,1030,15227,1
263801,6280,1624,15964,1
263902,4811,3855,24363,1
264003,9694,-1383,11125,1
264104,13752,-3876,548,1
264205,11266,-8139,1467,1
264306,11531,-7628,3904,1
264407,13481,66,3086,1
264508,15894,5973,6717,1
264609,16203,3177,11073,1
264710,14512,224,8873,1
264811,13332,1707,10014,1
264912,12937,5126,10773,1
265013,11043,3871,11624,1
265114,13672,3318,11902,1
265215,10594,4068,9964,1
265316,10148,1061,7538,1
265417,8487,1382,8795,1
265518,12763,2738,14333,1
265619,8267,6502,32764,1
265720,9220,-130,21230,1
265821,8092,-2151,16085,1
265922,8557,1198,10847,1
266023,6210,8260,2858,1
266124,-1070,21415,-6890,0
266225,4360,17172,-4800,0
266326,1563,16532,-9602,0
266427,-7806,-32764,32442,0
266528,13013,-19949,5996,0
266629,10347,66,-3567,0
266730,13810,-6788,2757,0
266831,6083,-10145,-2431,0
266932,-6309,26110,-5100,1
267033,9164,16061,-386,1
267134,9010,13920,-2381,1
267235,6337,8138,3859,1
267336,4178,5403,5350,1
267437,958,-4246,19238,1
267538,-5536,-7376,26506,1
267639,-5968,-11339,32764,1
267740,-2712,-7150,21411,1
267841,-1258,-3783,13327,1
267942,2881,-1140,14216,1
268043,3123,-6317,15036,1
268144,3113,-4680,12869,1
268245,4619,-2300,13986,1
268346,4648,-4246,12398,1
268447,3778,-7920,12931,1
268548,5032,-5238,18448,1
268649,5099,-6474,16766,1
268750,5062,-6432,18696,1
268851,2765,-6072,17474,1
268952,1617,-5146,14101,1
269053,2522,-5687,15834,1
269154,2436,-6564,13575,1
269255,3155,-4696,15204,1
269356,4736,-6021,15076,1
269457,2539,-6240,15673,1
269558,4647,-5574,13939,1
269659,5397,-6318,13688,1
269760,3428,-6148,17009,1
269861,4288,-4597,14866,1
269962,3533,-4766,16971,1
270063,4069,-3945,15372,1
270164,5199,-4870,16547,1
270265,5591,-4087,14925,1
270366,7301,-3959,17737,1
270467,12258,-1365,28031,1
270568,10379,-1349,16071,1
270669,8309,-2744,8782,1
270770,9855,-3103,3946,1
270871,11983,-3293,1951,1
270972,14027,-2428,3082,1
271073,16050,-1139,3717,1
271174,16627,-753,2478,1
271275,16457,-1444,2716,1
271376,16201,-1836,3422,1
271477,15500,-1034,1350,1
271578,13682,1498,-2279,1
271679,7067,2824,-8124,0
271780,-6363,-5760,15760,0
271881,17938,1580,27561,0
271982,8024,-2532,14632,0
272083,6279,-1017,1376,0
272184,8419,4393,-12549,0
272285,5222,7320,-14468,0
272386,13027,-17913,26474,0
272487,15342,-4829,9669,1
272588,11740,-4396,5083,1
272689,4671,-6015,2936,1
272790,2155,-3764,13401,1
272891,9524,6177,24899,1
272992,12557,4321,16592,1
273093,8733,3161,15621,1
273194,6631,3292,15949,1
273295,7160,7341,12851,1
273396,6531,4777,11443,1
273497,7401,2234,13671,1
273598,9928,3076,14751,1
273699,9196,2039,14905,1
273800,8623,2018,14833,1
273901,7971,1719,13976,1
274002,7663,1866,14575,1
274103,7688,2311,14346,1
274204,7818,2497,14527,1
274305,8435,2110,15273,1
274406,10645,-571,17114,1
274507,10180,-3705,15840,1
274608,9057,-2435,10869,1
274709,8713,-1967,11278,1
274810,4341,-1011,11988,1
274911,11315,-1818,13939,1
275012,7873,6327,7469,1
275113,6255,5741,17818,1
275214,10994,4121,20837,1
275315,11353,6298,12421,1
275416,9042,7002,8101,1
275517,8621,9089,12167,1
275618,10099,12219,11063,1
275719,12576,6754,6190,1
275820,15989,1896,3849,1
275921,14670,2768,3596,1
276022,12811,6535,906,1
276123,15319,4585,1748,0
276224,14495,6490,-643,0
276325,12233,9582,-2718,0
276426,9130,12894,-2921,0
276527,-18936,30823,-20171,0
276628,18513,-32764,32764,0
276729,14152,-11715,4394,0
276830,11773,-15333,8541,0
276931,6054,-14153,2119,0
277032,-16210,24881,-3777,0
277133,3252,17759,2430,1
277234,10229,11471,-945,1
277335,6330,11345,3806,1
277436,7795,4777,8957,1
277537,11981,-1054,19855,1
277638,14981,-7415,17593,1
277739,14985,-7076,15881,1
277840,5777,-5976,10477,1
277941,9658,-9610,9546,1
278042,3715,-1444,15776,1
278143,5601,-1846,14505,1
278244,9372,-1527,13006,1
278345,14302,-2143,10804,1
278446,9407,-3018,15610,1
278547,7989,-89,16436,1
278648,6149,1821,17009,1
278749,5748,1895,15963,1
278850,5752,3653,16253,1
278951,6139,3279,15615,1
279052,6231,3395,15466,1
279153,5911,3544,15518,1
279254,5442,3764,15221,1
279355,5273,3545,15287,1
279456,5494,3472,15730,1
279557,5542,3551,15249,1
279658,5559,3395,15395,1
279759,5371,3381,15571,1
279860,5447,3622,15050,1
279961,5313,3111,15647,1
280062,5530,3149,15577,1
280163,5563,3336,15447,1
280264,5109,3348,15291,1
280365,4303,4049,15624,1
280466,5237,4707,15868,1
280567,5118,3293,15520,1
280668,4995,3234,15574,1
280769,5188,3454,15313,1
280870,5150,3249,15564,1
280971,5089,3389,16024,1
281072,5216,3631,15236,1
281173,5269,3605,15310,1
281274,5378,3486,15916,1
281375,6330,3572,16474,1
281476,3932,6073,15996,1
281577,8164,2637,13661,1
281678,11579,494,15467,1
281779,9251,1121,15470,1
281880,7910,755,12283,1
281981,11555,-4616,11715,1
282082,9799,-7078,12528,1
282183,8401,-2829,10642,1
282284,10808,7402,10506,1
282385,7873,5723,13535,1
282486,10380,1366,15625,1
282587,10741,754,12795,1
282688,9795,3547,11864,1
282789,9196,931,12875,1
282890,7857,-821,20788,1
282991,738,7111,10812,1
283092,1585,10009,11896,1
283193,609,13254,12012,1
283294,-3874,6359,18560,1
283395,-87,6116,15865,1
283496,-3003,10842,13730,1
283597,-4,9611,12968,1
283698,4439,6438,18383,1
283799,4316,4557,21315,1
283900,7978,2299,16870,1
284001,6781,3130,7912,1
284102,10348,2847,3925,1
284203,15170,2784,1763,1
284304,15669,4910,-762,1
284405,12631,8208,-539,0
284506,14369,6547,1403,0
284607,7202,16783,-8465,0
284708,-21399,9480,-5885,0
284809,13045,-32764,32764,0
284910,12148,-15279,3330,0
285011,-93,21102,-12419,0
285112,16976,-10851,13830,0
285213,12706,6122,-3003,1
285314,13159,1107,1665,1
285415,9032,-1253,5534,1
285516,8019,-4867,7148,1
285617,8118,-9961,13117,1
285718,6878,-4716,20909,1
285819,6275,-7181,23989,1
285920,2351,-4240,17876,1
286021,1701,-2877,12984,1
286122,3397,-4530,14019,1
286223,4987,-5668,16261,1
286324,4655,-5893,16695,1
286425,3864,-4765,15384,1
286526,4000,-4634,15074,1
286627,4987,-4690,14851,1
286728,4719,-5128,15861,1
286829,4652,-4549,15018,1
286930,4084,-4155,15559,1
287031,4900,-4709,15655,1
287132,5039,-4988,15959,1
287233,4497,-4746,15297,1
287334,4376,-4504,14934,1
287435,4789,-5019,15377,1
287536,4830,-4832,15249,1
287637,5178,-4981,16417,1
287738,4958,-5113,15232,1
287839,4794,-4871,14373,1
287940,5518,-4924,15190,1
288041,7359,-5476,16555,0
288142,6386,-6273,17407,0
288243,6805,-2371,3875,0
288344,5138,-4195,16068,0
288445,-9586,1507,32764,0
288546,-6891,-1758,31589,0
288647,-19867,-6878,-32748,0
288748,7679,-336,14565,0
288849,1443,2428,32764,0
288950,14755,442,10824,0
289051,11836,1051,14762,0
289152,12316,3329,-12334,1
289253,13960,5232,-754,1
289354,15450,3395,5736,1
289455,14794,1377,2478,1
289556,10097,823,-1003,1
289657,1390,-995,2523,1
289758,-2326,-8857,29520,1
289859,-885,-3036,27947,1
289960,3191,-11828,26355,1
290061,-83,-6870,15878,1
290162,-457,-7572,13197,1
290263,941,-7400,11650,1
290364,2669,-7006,13686,1
290465,3651,-8197,16161,1
290566,4590,-7417,14357,1
290667,3879,-5991,13130,1
290768,4641,-7135,14561,1
290869,4979,-6577,14235,1
290970,4890,-6381,13904,1
291071,4651,-7190,15396,1
291172,5228,-7731,14594,1
291273,6130,-8022,14939,1
291374,6535,-7434,14071,1
291475,6967,-6488,13527,1
291576,7736,-7276,14129,1
291677,10808,-10230,11254,1
291778,10125,-6949,13547,1
291879,12558,-7415,10574,1
291980,12667,-3103,5778,1
292081,14121,517,4176,1
292182,12736,6497,819,0
292283,12218,9579,-2917,0
292384,7378,15681,-3035,0
292485,17357,10542,-114,0
292586,-6858,27358,-7539,0
292687,-20559,13665,-3532,0
292788,-22534,-32764,11239,0
292889,4407,-32764,17919,0
292990,7889,1761,-10836,0
293091,12894,-14807,6320,0
293192,12924,3491,-1425,0
293293,15243,1539,-814,0
293394,17260,-1130,-194,0
293495,16569,-333,-653,1
293596,14630,476,-293,1
293697,12987,-300,849,1
293798,10957,-4341,5186,1
293899,13425,-4901,10529,1
294000,14797,-9188,12801,1
294101,14431,-10471,9647,1
294202,11972,-8745,7607,1
294303,11419,-9782,3572,1
294404,11292,-11915,-232,1
294505,9732,-11644,-1594,1
294606,9622,-12164,-2487,1
294707,9406,-13349,-4744,1
294808,9709,-14129,-5221,1
294909,8652,-13772,-4696,1
295010,7159,-13208,-4364,1
295111,7333,-14108,-5537,1
295212,6673,-13643,-5286,1
295313,7359,-13869,-4182,1
295414,7660,-13906,-4330,1
295515,6889,-13778,-5235,0
295616,5797,-14332,-7965,0
295717,6602,-12129,-17735,0
295818,-7611,-16625,-18032,0
295919,-5973,-14730,32764,0
296020,371,-11622,26369,0
296121,6392,-14213,-4489,0
296222,1112,11716,-24783,0
296323,14246,2985,5050,1
296424,16829,2025,-1107,1
296525,15266,1858,-3024,1
296626,16436,877,-4044,1
296727,15902,448,-2686,1
296828,13358,1741,-1633,1
296929,10789,-149,-115,1
297030,9132,-1454,3786,1
297131,4066,-4417,12595,1
297232,3122,-9942,19247,1
297333,1307,-8035,20888,1
297434,5050,-10100,19547,1
297535,3506,-11293,19078,1
297636,20679,-7733,17402,1
297737,1701,-10661,12592,1
297838,8465,-3619,17033,1
297939,6760,-3085,13855,1
298040,6438,-3356,13390,1
298141,8831,3673,14560,1
298242,4132,2315,12889,1
298343,4716,1892,19093,1
298444,7209,-194,9050,1
298545,4990,1990,14934,1
298646,3860,-649,13891,1
298747,-906,821,19914,1
298848,-428,9712,19810,1
298949,-89,11768,11645,1
299050,-2622,12397,8233,1
299151,-338,11695,3781,1
299252,-1753,17272,-2327,1
299353,-543,16156,-510,1
299454,-15,15785,1797,1
299555,-148,16153,1766,1
299656,-819,14364,5333,1
299757,-1846,11692,11743,1
299858,935,16941,1239,1
299959,785,14932,-2338,1
300060,37,9472,-12408,1
300161,136,6684,-13720,1
300262,390,7036,-14262,1
300363,1411,3795,-12295,1
300464,990,5113,-15527,1
300565,902,5316,-15294,1
300666,894,5371,-15303,1
300767,882,5347,-15298,1
300868,898,5358,-15278,1
300969,899,5337,-15299,1
301070,892,5351,-15282,1
301171,918,5331,-15255,1
301272,894,5404,-15278,1
301373,927,5303,-15349,1
301474,915,5364,-15274,1
301575,873,5341,-15303,1
301676,923,5341,-15298,1
301777,905,5323,-15326,1
301878,879,5355,-15270,1
301979,953,5435,-15319,1
302080,914,5350,-15399,1
302181,926,5305,-15298,1
302282,881,5363,-15337,1
302383,893,5378,-15283,1
302484,900,5311,-15301,1
302585,886,5350,-15298,1
302686,900,5332,-15291,1
302787,915,5346,-15293,1
302888,895,5337,-15310,1
302989,898,5342,-15288,1
303090,898,5338,-15297,1
303191,898,5348,-15279,1
303292,922,5333,-15302,1
303393,904,5354,-15299,1
303494,901,5310,-15289,1
303595,909,5350,-15283,1
303696,912,5331,-15317,1
303797,930,5361,-15285,1
303898,904,5318,-15312,1
303999,914,5356,-15276,1
304100,889,5320,-15288,1
304201,916,5360,-15272,1
304302,911,5300,-15301,1
304403,898,5355,-15282,1
304504,938,5068,-14646,1
304605,932,5340,-15240,1
304706,894,5347,-15280,1
304807,905,5331,-15260,1
304908,906,5300,-15301,1
305009,908,5362,-15212,1
305110,914,5285,-15341,1
305211,914,5350,-15319,1
305312,906,5338,-15331,1
305413,925,5352,-15293,1
305514,904,5311,-15314,1
305615,1160,3956,-15198,1
305716,671,5926,-15811,1
305817,-154,7755,-16109,1
305918,694,12639,-6689,1
306019,16,13571,-7287,1
306120,-659,14713,-5717,1
306221,-1492,19942,-1428,1
306322,-1350,13779,4126,1
306423,98,12267,10252,1
306524,-428,5253,14129,1
306625,1783,885,10671,1
306726,-29,-22,16663,1
306827,-17,-27,16727,1
306928,-29,2,16772,1
307029,-37,-36,16758,1
307130,-25,-5,16735,1
307231,-30,-38,16744,1
307332,-39,-19,16748,1
307433,-25,12,16764,1
307534,-24,-36,16713,1
307635,-51,-33,16729,1
307736,-40,-25,16730,1
307837,-28,-33,16732,1
307938,-27,-15,16758,1
308039,-28,-13,16744,1
308140,-17,-27,16748,1
308241,-15,-22,16735,1
308342,12,-10,16706,1
308443,-37,-33,16711,1
308544,-2,-30,16764,1
308645,-21,-10,16752,1
308746,-25,-22,16751,1
308847,-28,-26,16772,1
308948,-13,-23,16745,1
309049,-23,-7,16748,1
309150,-35,-25,16741,1
309251,10,20,16605,1
309352,-59,-50,16739,1
309453,-44,-1,16668,1
309554,-15,-24,16729,1
309655,-26,20,16774,1
309756,-28,-37,16770,1
309857,-1,-8,16756,1
309958,-51,-49,16730,1
310059,-13,37,16694,1
310160,-13,-55,16662,1
310261,-2,20,16734,1
310362,-65,-65,16742,1
310463,-25,32,16743,1
310564,-24,-77,16859,1
310665,-19,39,16764,1
310766,-18,-59,16699,1
310867,-3,9,16767,1
310968,-28,-70,16742,1
311069,-1,27,16752,1
311170,-27,-26,16747,1
311271,-17,13,16757,1
311372,-27,-49,16734,1
311473,-19,-5,16756,1
311574,-5,-54,16808,1
311675,-31,23,16731,1
311776,-25,-36,16715,1
311877,-35,13,16759,1
311978,-28,-34,16760,1
312079,0,-13,16755,1
312180,-16,-23,16751,1
312281,-30,-17,16739,1
312382,-34,-26,16739,1
312483,-30,-22,16740,1
312584,-31,-38,16699,1
312685,-1,18,16760,1
312786,-19,-46,16740,1
312887,-48,-13,16738,1
312988,-15,-30,16780,1
313089,-14,-6,16763,1
313190,-21,-33,16753,1
313291,8,-11,16747,1
313392,-13,-35,16782,1
313493,-20,-23,16802,1
313594,-27,-30,16756,1
313695,-18,-8,16769,1
313796,879,-1564,15783,1
313897,-2440,-2434,16397,1
313998,-1514,-1266,16140,1
314099,-2041,294,19353,1
314200,-545,-4973,18225,1
314301,1482,-7205,13739,1
314402,4334,-12682,10302,1
314503,4672,-10573,1793,1
314604,5704,-15638,2309,1
314705,10063,-20101,4594,1
314806,5724,-16335,7984,1
314907,3972,-13506,9705,1
315008,7056,-7375,17152,1
315109,4959,-10613,10733,1
315210,2679,-6697,17126,1
315311,3788,2159,13179,1
315412,-651,1845,11983,1
315513,-516,2812,16249,1
315614,5124,7424,15694,1
315715,2250,8885,9029,1
315816,320,13401,10136,1
315917,485,17695,10847,1
316018,-3319,18183,9150,1
316119,-1461,18160,7749,1
316220,-6821,17302,10428,1
316321,-4084,11372,7751,1
316422,-4987,11334,9407,1
316523,-5584,10952,10057,1
316624,-6967,10406,11176,1
316725,-6478,14004,5039,1
316826,-8740,14718,2197,1
316927,-6598,14566,9638,1
317028,-2893,12591,18871,1
317129,-4118,7648,17192,1
317230,-2913,9627,16654,1
317331,-5143,5138,16249,1
317432,175,4143,9806,1
317533,-2401,2098,7322,1
317634,-4416,-2917,8698,1
317735,3602,7748,12388,1
317836,48,-3139,11030,1
317937,-1303,-4497,16653,1
318038,-704,-7134,24587,1
318139,-1496,-3151,19278,1
318240,-4734,-5117,19399,1
318341,-1743,-4479,16210,1
318442,-5020,-10128,16638,1
318543,-5480,-5041,19543,1
318644,-6732,-1531,16025,1
318745,-7634,-5272,10872,1
318846,-4341,-5723,4973,1
318947,-3887,-6582,10227,1
319048,-8368,-2883,13508,1
319149,-15519,-10681,16340,1
319250,-10970,-6198,15355,1
319351,-10504,-797,8245,1
319452,-14044,2584,12619,1
319553,-17342,-1322,6909,1
319654,-14851,-7786,3877,1
319755,-15656,-4720,10675,1
319856,-14418,-1966,10395,1
319957,-11384,-4042,11718,1
320058,-4084,-6116,13288,1
320159,-560,-10773,21821,1
320260,5634,-12544,24789,1
320361,8295,-9257,16414,1
320462,10804,-7564,12320,1
320563,9362,-3583,5171,1
320664,9535,-3299,-1703,1
320765,11094,-1278,-4214,1
320866,11627,-2136,-6570,1
320967,13234,-4124,-7133,1
321068,13046,-1418,-6361,1
321169,13342,-5264,-6779,1
321270,13020,-6546,-5845,1
321371,13957,-9088,-5644,1
321472,10405,-9604,-4079,1
321573,7645,-12630,-2564,1
321674,5647,-16591,-889,1
321775,3806,-16803,-2000,1
321876,-1192,-14347,-3048,1
321977,-4248,-13011,-2302,1
322078,-8071,-13935,1194,1
322179,-7900,-15627,3258,1
322280,-2317,-17001,52,1
322381,4891,-24924,12331,1
322482,9021,-9641,12097,1
322583,7513,-4030,10552,1
322684,7920,683,9333,1
322785,6775,1910,9770,1
322886,6391,2433,13417,1
322987,7352,3606,12780,1
323088,11374,-3849,14969,1
323189,6981,-3719,12644,1
323290,7746,-5112,23244,1
323391,5818,-9795,16311,1
323492,10346,-14510,14141,1
323593,9241,-8343,10676,1
323694,9747,-7102,10159,1
323795,8876,-4630,6196,1
323896,9602,-1348,11548,1
323997,2386,-648,7507,1
324098,-89,1812,12199,1
324199,2310,2584,17327,1
324300,2140,864,20032,1
324401,2648,-244,21786,1
324502,4245,-2168,20828,1
324603,4536,-3311,18867,1
324704,7317,-5066,17189,1
324805,5670,-6176,13807,1
324906,7789,-3517,16255,1
325007,7587,-5701,11265,1
325108,5284,-5452,8990,1
325209,1424,-4311,7662,1
325310,3862,357,15407,1
325411,8045,9625,22574,1
325512,7185,14956,25574,1
325613,-116,4194,15586,1
325714,1780,4715,8770,1
325815,-1668,8089,13385,1
325916,-87,1730,8839,1
326017,-2072,4038,11914,1
326118,-52,2115,11135,1
326219,2161,15601,12760,1
326320,1835,13688,21319,1
326421,-6691,11075,23556,1
326522,-1367,-6033,19049,1
326623,5256,-14810,16439,1
326724,2591,-12471,11025,1
326825,3655,-3805,5859,1
326926,4499,708,9373,1
327027,-816,10384,17349,1
327128,-1819,15930,14115,1
327229,-261,12189,13529,1
327330,-174,11473,11295,1
327431,974,12855,7859,1
327532,-1151,14434,9950,1
327633,2075,11803,13892,1
327734,7469,5752,16362,1
327835,11680,-217,11734,1
327936,13638,-2495,10086,1
328037,13503,-485,6273,1
328138,19244,-9718,8419,1
328239,18456,-9888,3688,1
328340,14153,-453,-96,1
328441,8797,10625,-2211,0
328542,17057,3518,3319,0
328643,10478,25431,-6075,0
328744,-8848,19605,1587,0
328845,-22868,-32764,18518,0
328946,2793,-25151,8710,0
329047,9467,17490,-7049,0
329148,10375,-2156,6635,1
329249,10715,7764,-1704,1
329350,17286,2527,-869,1
329451,15741,2304,1023,1
329552,13416,4459,-775,1
329653,13449,1351,-1414,1
329754,12585,1777,1880,1
329855,16910,-7925,7690,1
329956,14380,-13998,12986,1
330057,15481,-13960,12293,1
330158,12061,-8735,8999,1
330259,11968,-7237,7060,1
330360,12631,-4863,3319,1
330461,13582,-5400,916,1
330562,13924,-5963,-1511,1
330663,14520,-5645,-8409,0
330764,14754,-6126,-10990,0
330865,9718,-3379,-15038,0
330966,-32756,32748,32695,0
331067,-1568,7710,8282,0
331168,6558,5503,9530,0
331269,10573,4324,9682,0
331370,6489,1978,-6735,0
331471,4981,11859,-12676,1
331572,5570,15083,-1652,1
331673,11268,12125,-3564,1
331774,10601,11081,-3705,1
331875,6233,11264,-261,1
331976,8425,4683,1045,1
332077,6462,2184,10782,1
332178,4368,-4355,17087,1
332279,5508,-5244,18728,1
332380,2629,-6605,25561,1
332481,3028,-8630,18568,1
332582,4174,-2944,14232,1
332683,13711,-5364,14788,1
332784,-69,-6627,10616,1
332885,8275,-6999,12621,1
332986,8133,-4097,10002,1
333087,4160,-5276,14315,1
333188,2735,-4173,21203,1
333289,4808,-2374,19110,1
333390,-1504,-2325,17428,1
333491,94,-14040,17659,1
333592,-33,0,16783,1
333693,-43,-78,16764,1
333794,-41,-24,16748,1
333895,-20,-60,16693,1
333996,-4,-12,16687,1
