142360,-1.6445751,0.038245936,9.943943,1
142461,-1.6063292,0.0,9.905697,1
142563,-1.6063292,0.038245936,9.943943,1
142665,-0.191229668,0.573689,10.096927,1
142768,-0.5354431,-0.8031646,10.096927,1
142869,-1.75931316,-0.22947562,9.982189,1
142971,-4.245299,-1.2621158,8.949549,1
143074,-0.49719716,0.22947562,9.676222,1
143175,4.015823,0.11473781,10.096927,1
143277,2.6007238,-1.4150996,10.785354,1
143380,5.5456604,1.2238699,9.484992,1
143482,3.48038,1.4533454,10.555878,1
143583,4.3982824,2.0270346,8.452352,1
143685,5.1632012,3.44213416,5.6603984,1
143787,4.742496,3.9775772,5.0484632,1
143890,7.45795736,3.63336368,5.507415,1
143992,7.113744,6.80777636,4.054069,1
144094,7.26672736,7.84041636,2.2182644,1
144196,5.0867096,6.96076,2.294756,1
144297,3.67160984,7.34321968,0.49719716,1
144400,4.9719716,8.796565,-0.4207053,1
144502,3.63336368,9.026041,-0.91790248,1
144603,3.1744128,9.026041,-0.573689,1
144706,3.1744128,9.8292056,-0.49719716,1
144807,4.245299,8.452352,1.9887886,1
144910,-0.68842684,6.1575956,7.80217068,1
145011,0.87965656,5.277939,8.222876,1
145114,-1.3386077,4.666004,9.790959,1
145215,-2.7919534,3.7481016,8.069892,1
145318,-2.4477398,2.6007238,10.670615,1
145420,-2.6389694,3.556872,8.873057,1
145522,-1.8740508,3.0979206,9.332008,1
145624,-2.7537074,1.5298374,9.714468,1
145726,-2.6772154,2.4859858,9.523238,1
145828,-2.371248,2.5242316,9.140779,1
145930,-2.6389694,3.59511768,9.332008,1
146032,-3.2891502,3.3273964,8.56709,1
146134,-5.7368904,3.0596748,7.9934008,1
146236,-6.654793,2.9066908,6.654793,1
146338,-7.5726952,2.2182644,7.03725236,1
146440,-7.9934008,2.7919534,5.6603984,1
146542,-7.113744,3.40388832,5.7751364,1
146644,-6.4635636,3.0596748,6.1193496,1
146746,-4.666004,3.8628396,9.102532,1
146848,-4.627758,4.130561,8.031646,1
146950,-3.9393312,3.70985568,8.643581,1
147052,-3.556872,4.054069,8.490598,1
147154,-3.1361668,5.4309224,7.4962032,1
147256,-2.7919534,4.130561,9.676222,1
147358,-1.8740508,3.8245932,10.7471068,1
147460,-0.038245936,2.944937,10.173419,1
147562,-0.038245936,3.2509044,9.943943,1
147664,1.147378,3.40388832,9.21727,1
147766,-0.038245936,3.0979206,9.676222,1
147868,0.191229668,2.4477398,9.790959,1
147970,0.5354431,2.6772154,9.370254,1
148072,0.49719716,2.6007238,9.561483,1
148174,0.5354431,2.5242316,9.714468,1
148276,0.26772156,2.7919534,9.714468,1
148378,-0.038245936,2.8684452,9.982189,1
148480,0.15298374,2.294756,9.523238,1
148582,-1.4150996,3.51862632,8.643581,1
148684,-0.038245936,3.0596748,9.523238,1
148786,-0.15298374,2.8684452,9.943943,1
148888,-3.2891502,3.48038,8.490598,1
148990,-2.1035264,3.51862632,9.790959,1
149092,-3.44213416,3.8628396,9.026041,1
149194,-1.6063292,3.48038,9.523238,1
149296,-2.2565102,3.90108536,8.720073,1
149398,-2.5624778,3.3273964,10.7471068,1
149500,-3.1744128,4.130561,9.867451,1
149602,-2.7919534,5.4309224,9.752713,1
149704,-0.11473781,6.7312848,10.402895,1
149806,-0.038245936,6.7695304,7.6491864,1
149908,-1.3386077,6.96076,6.5018088,1
150010,-3.70985568,5.851628,3.7863476,1
150112,-4.818988,3.556872,-0.61193496,1
150214,-7.9169084,1.79755884,2.1417724,1
150316,-7.6109416,3.3273964,5.316185,1
150418,-7.5344492,1.72106708,7.80217068,1
150520,-8.987795,1.2621158,10.096927,1
150622,-7.0754976,1.6445751,9.293762,1
150724,-5.966366,1.5680834,9.064287,1
150826,-6.654793,2.4477398,9.523238,1
150928,-6.0428576,2.1035264,8.643581,1
151030,-4.818988,3.1361668,8.643581,1
151132,-3.9393312,5.5839068,5.966366,1
151234,-1.2238699,8.337614,2.1417724,1
151336,0.07649187,9.523238,-0.7266727,1
151438,0.26772156,8.337614,-3.90108536,0
151540,0.382459336,10.517632,0.26772156,0
151642,-0.15298374,10.0586816,-1.0708862,0
151744,-0.15298374,10.900091,0.4207053,0
151846,-0.68842684,7.34321968,-4.3982824,0
151948,6.80777636,-6.654793,-19.581918,0
152050,-10.7471068,-3.8245932,19.505426,0
152152,-3.7481016,4.8954796,9.982189,0
152254,-5.2014476,-0.15298374,9.179024,0
152356,-3.7481016,2.0270346,8.949549,1
152458,-4.666004,1.6828212,9.064287,1
152560,-4.70425,0.68842684,8.605335,1
152662,-3.90108536,0.8414106,8.490598,1
152764,-3.70985568,0.07649187,7.26672736,1
152866,-3.9393312,-0.11473781,6.654793,1
152968,-6.0428576,-4.5130204,9.026041,1
153070,-6.081104,-5.0102176,13.347831,1
153172,-5.1249556,-3.0214288,10.288156,1
153274,-5.1249556,-2.6007238,10.708861,1
153376,-3.7481016,-1.4533454,9.523238,1
153478,-3.90108536,-0.11473781,8.108138,1
153580,-4.2070528,1.72106708,7.113744,1
153682,-3.48038,4.4365288,9.026041,1
153784,-3.0979206,3.0596748,7.228482,1
153886,-2.944937,3.40388832,7.03725236,1
153988,-3.59511768,2.7919534,8.18463,1
154090,-4.857234,2.333002,10.135173,1
154192,-4.5130204,1.0326402,11.244305,1
154294,-3.48038,1.5680834,9.714468,1
154396,-2.7154612,3.3273964,8.146384,1
154498,-3.2126584,2.371248,9.982189,1
154600,-3.1361668,2.944937,8.720073,1
154702,-3.44213416,2.6772154,6.7312848,1
154804,-3.8628396,1.185624,9.4085,1
154906,-3.2126584,2.0270346,8.299368,1
155008,-3.59511768,3.9775772,11.703256,1
155110,-1.6063292,4.857234,10.364649,1
155212,-5.277939,2.7154612,3.70985568,1
155314,-6.0046116,3.44213416,6.7695304,1
155416,-6.88426836,4.283545,3.67160984,1
155518,-8.299368,4.245299,3.40388832,1
155620,-9.8292056,4.3600364,2.7537074,1
155722,-6.6165468,3.7481016,-1.4915914,1
155824,-6.4635636,3.556872,-4.7807416,1
155926,-6.7695304,3.9775772,-13.615553,1
156028,-2.8684452,3.0214288,-7.19023536,1
156130,-1.4150996,4.168807,-8.911303,1
156232,0.7649187,3.7863476,-9.446746,1
156334,1.9887886,4.015823,-9.4085,1
156436,3.3656424,3.8628396,-7.26672736,1
156538,8.222876,2.944937,-5.9281196,1
156640,8.56709,3.9775772,-3.2509044,1
156742,7.8786624,2.6389694,4.3982824,1
156844,-0.038245936,2.1035264,12.009223,1
156946,2.5242316,1.3003619,7.5726952,1
157048,3.59511768,-3.90108536,11.779748,1
157150,4.9337252,-3.44213416,10.708861,1
157252,5.6603984,-0.9943943,12.850634,1
157354,1.6063292,4.092315,8.069892,1
157456,0.038245936,3.70985568,4.7807416,1
157558,1.6828212,5.966366,4.3217908,1
157660,1.0708862,6.3105792,7.19023536,1
157762,-0.382459336,7.5726952,5.8133816,1
157864,-0.87965656,8.146384,7.6491864,1
157966,0.8414106,7.6109416,4.666004,1
158068,-0.8414106,2.5242316,3.70985568,1
158170,0.68842684,11.626763,3.67160984,1
158272,0.15298374,9.293762,1.5680834,1
158374,-1.8740508,9.637976,0.382459336,1
158476,-0.038245936,9.026041,-0.573689,1
158578,-0.9561483,10.173419,-0.07649187,1
158680,0.038245936,10.402895,-0.382459336,1
158782,-0.7266727,8.605335,-4.3217908,1
158884,-0.11473781,9.064287,-0.87965656,1
158986,-1.4150996,9.905697,-1.6063292,1
159088,-0.34421344,9.8292056,-0.49719716,1
159190,0.26772156,7.113744,3.8628396,1
159292,-5.2396928,5.889874,10.135173,1
159394,-5.392677,4.9719716,7.41971136,1
159496,-4.857234,3.70985568,8.681828,1
159598,-7.9169084,3.44213416,11.320797,1
159700,-2.8684452,3.1744128,8.18463,1
159802,-0.68842684,2.6389694,7.6491864,1
159904,-3.63336368,5.316185,8.873057,1
160006,-1.2621158,6.654793,6.5783004,1
160108,-2.0270346,2.0652804,10.364649,1
160210,-0.61193496,5.7368904,9.752713,1
160312,-2.2565102,6.0428576,6.5783004,1
160414,-1.0326402,4.245299,1.5680834,1
160516,10.517632,2.333002,19.543672,1
160618,-0.573689,4.092315,9.523238,1
160720,-0.68842684,2.6389694,9.982189,1
160822,-1.6445751,2.4477398,9.255516,1
160924,0.68842684,2.5242316,8.337614,1
161026,-1.3003619,0.87965656,8.414105,1
161128,-0.68842684,2.6007238,7.84041636,1
161230,-2.371248,3.556872,10.211665,1
161332,-2.2182644,0.68842684,9.714468,1
161434,-5.4691688,2.333002,7.3814652,1
161536,-10.364649,2.1035264,6.9990068,1
161638,-8.299368,7.6109416,-0.30596748,1
161740,-8.299368,0.7266727,-1.147378,1
161842,-8.146384,-0.07649187,-6.425317,1
161944,-7.26672736,-0.9561483,-7.6109416,1
162046,-3.2126584,-0.11473781,-8.261122,1
162148,-6.2340876,1.4150996,-7.5344492,1
162250,-9.523238,2.6007238,-11.320797,1
162352,-7.84041636,3.1744128,-5.8133816,1
162454,-7.19023536,4.130561,-3.7863476,1
162556,-8.490598,5.966366,-1.6828212,1
162658,-6.7312848,6.9990068,-0.8414106,1
162760,-6.0428576,7.7256792,0.0,1
162862,-5.2396928,7.80217068,-0.4207053,1
162964,-4.818988,8.452352,-1.0326402,1
163066,-3.7863476,8.758319,-1.4915914,1
163168,-2.9066908,8.796565,-0.382459336,1
163270,-3.0596748,9.255516,0.22947562,0
163372,-4.551266,10.785354,0.8414106,0
163474,-1.72106708,10.135173,2.4859858,0
163576,19.543672,-0.4207053,-3.0596748,0
163678,-19.581918,-17.172426,-13.309586,0
163780,-14.495209,3.67160984,-4.130561,0
163882,-10.326403,4.818988,0.22947562,0
163984,-8.261122,3.9775772,-1.2621158,0
164086,-7.8786624,3.90108536,-1.4915914,0
164188,-8.452352,4.742496,-1.0326402,0
164290,-7.5726952,4.168807,0.45895124,1
164392,-7.9169084,5.277939,0.8031646,1
164494,-7.6109416,3.8628396,1.0326402,1
164596,-6.8460224,4.818988,3.9775772,1
164698,-8.222876,4.70425,4.015823,1
164800,-7.5344492,3.1744128,6.425317,1
164902,-5.0484632,2.6007238,8.643581,1
165004,-3.0979206,2.4477398,11.512027,1
165106,-2.294756,2.4477398,10.479385,1
165208,-0.65018092,1.9887886,10.211665,1
165310,-0.9561483,1.72106708,9.943943,1
165412,-0.573689,1.4533454,10.0586816,1
165514,-1.3768537,1.95054268,10.670615,1
165616,-1.147378,1.83580492,9.4085,1
165718,-1.4150996,1.75931316,9.255516,1
165820,-1.0708862,2.2565102,10.096927,1
165922,-0.191229668,1.6828212,10.0586816,1
166023,-2.0270346,1.95054268,9.064287,1
166126,-1.2621158,1.72106708,9.982189,1
166228,-0.038245936,0.65018092,9.523238,1
166330,0.30596748,0.7266727,10.364649,1
166432,0.07649187,1.147378,10.020435,1
166534,-0.07649187,1.5680834,9.637976,1
166636,0.038245936,1.75931316,9.676222,1
166738,0.26772156,1.75931316,9.637976,1
166840,1.1091322,1.6445751,9.982189,1
166942,0.9561483,1.5298374,9.255516,1
167044,0.68842684,1.9887886,9.8292056,1
167146,0.4207053,2.0270346,10.211665,1
167248,1.0326402,2.2182644,11.703256,1
167350,-0.382459336,2.7154612,10.708861,1
167452,-0.91790248,2.294756,9.561483,1
167554,-0.8031646,2.2182644,8.987795,1
167656,-0.9561483,2.7154612,10.364649,1
167758,-1.2621158,2.5624778,9.59973,1
167860,-1.5680834,2.4477398,8.987795,1
167962,-1.4150996,2.333002,9.332008,1
168064,-2.6772154,1.95054268,9.026041,1
168166,-6.081104,2.7154612,8.414105,1
168268,-7.84041636,3.1361668,6.081104,1
168370,-8.299368,2.944937,3.7863476,1
168472,-10.173419,2.983183,-0.45895124,1
168574,-10.441141,2.7154612,-2.944937,1
168676,-9.59973,2.9066908,-3.3273964,1
168778,-8.414105,3.2891502,-3.1744128,1
168880,-8.911303,4.3982824,-0.11473781,1
168982,-7.4962032,4.818988,3.1361668,1
169084,-7.80217068,5.277939,1.79755884,1
169186,-7.4962032,6.8460224,3.0596748,1
169288,-6.1575956,6.654793,3.63336368,1
169390,-4.742496,6.3488256,4.9719716,1
169492,-4.742496,7.9169084,5.6221524,1
169594,-6.540055,6.4635636,7.9169084,1
169696,-5.0102176,5.7751364,7.80217068,1
169798,-3.3273964,3.51862632,8.720073,1
169900,-1.2621158,1.9122966,8.605335,1
170002,0.49719716,0.4207053,9.943943,1
170104,2.5242316,1.3768537,10.135173,1
170206,2.2182644,0.61193496,9.026041,1
170308,4.283545,0.5354431,9.446746,1
170410,7.26672736,1.1091322,6.88426836,1
170511,6.3105792,1.6828212,5.0867096,1
170614,5.6603984,-0.22947562,7.7256792,1
170716,5.277939,-1.4150996,9.102532,1
170818,5.6603984,-2.0652804,8.643581,1
170920,4.9719716,-1.72106708,8.261122,1
171022,5.6603984,-2.0270346,7.8786624,1
171124,5.966366,-2.5242316,7.7256792,1
171226,6.1193496,-2.4859858,8.261122,1
171328,7.0754976,-2.4859858,5.6603984,1
171430,8.720073,-1.9887886,2.4859858,1
171532,8.987795,-2.0652804,1.9122966,1
171634,7.228482,-2.1800182,2.7537074,1
171736,8.720073,-2.944937,6.96076,1
171838,6.2723336,-3.51862632,7.4962032,1
171940,5.0102176,-1.0708862,7.9934008,1
172041,5.0102176,-1.1091322,8.299368,1
172144,4.3600364,-1.6445751,9.064287,1
172246,4.2070528,-1.4150996,8.720073,1
172348,5.1632012,-1.72106708,8.56709,1
172450,4.9337252,-1.6063292,8.681828,1
172552,4.9337252,-1.6445751,8.490598,1
172654,4.70425,-1.3768537,8.37586,1
172756,4.857234,-1.3768537,8.720073,1
172858,4.70425,-1.3386077,8.720073,1
172960,4.70425,-1.2621158,8.681828,1
173062,4.589512,-1.185624,8.720073,1
173164,4.70425,-1.185624,8.720073,1
173266,4.5130204,-1.1091322,8.873057,1
173368,4.5130204,-1.1091322,8.720073,1
173470,4.3600364,-0.87965656,9.102532,1
173572,4.666004,-1.0326402,8.911303,1
173674,4.3982824,-1.4533454,8.681828,1
173776,4.3600364,-1.4533454,8.643581,1
173878,3.44213416,-1.3003619,9.332008,1
173980,3.0596748,-0.8031646,9.370254,1
174082,3.0979206,-1.147378,9.484992,1
174184,3.0596748,-1.4915914,9.561483,1
174286,3.1744128,-0.9943943,9.484992,1
174388,2.983183,-0.9561483,9.446746,1
174490,2.944937,-0.65018092,9.4085,1
174592,2.8684452,-0.382459336,9.714468,1
174694,3.0596748,-0.4207053,9.676222,1
174796,2.294756,-0.49719716,9.064287,1
174898,1.75931316,0.07649187,10.861845,1
175000,1.185624,0.34421344,10.173419,1
175102,1.5680834,0.15298374,9.790959,1
175204,1.6445751,0.038245936,10.096927,1
175306,0.573689,0.4207053,9.790959,1
175408,1.185624,0.382459336,10.249911,1
175510,1.147378,0.22947562,9.676222,1
175612,1.0326402,0.49719716,9.790959,1
175714,1.147378,0.5354431,9.982189,1
175816,1.147378,0.5354431,10.096927,1
175918,1.0708862,0.573689,10.020435,1
176020,0.9943943,0.61193496,9.8292056,1
176122,1.0326402,0.5354431,9.943943,1
176224,1.1091322,0.5354431,9.8292056,1
176326,1.0326402,0.65018092,10.020435,1
176428,0.8414106,0.8031646,10.135173,1
176530,0.45895124,0.8031646,10.096927,1
176632,0.26772156,1.5680834,9.982189,1
176734,-0.8031646,2.5624778,9.255516,1
176836,-1.72106708,2.0652804,8.37586,1
176938,-2.6007238,1.0708862,7.4962032,1
177040,-3.556872,1.0708862,10.670615,1
177142,-4.3600364,1.5680834,12.544667,1
177244,-4.627758,2.2565102,10.900091,1
177346,-4.5130204,4.015823,9.026041,1
177448,-4.666004,3.9775772,9.637976,1
177550,-4.666004,1.75931316,6.6165468,1
177652,-4.9337252,2.409494,7.7256792,1
177754,-5.392677,2.4477398,9.102532,1
177856,-6.425317,2.8684452,9.255516,1
177958,-5.1632012,1.72106708,9.21727,1
178060,-7.0754976,3.2509044,8.681828,1
178162,-6.7695304,2.7919534,7.3049736,1
178264,-6.8460224,3.70985568,5.4691688,1
178366,-9.523238,2.6389694,8.681828,1
178468,-7.84041636,2.7919534,6.7312848,1
178570,-9.026041,3.7481016,6.4635636,1
178672,-6.80777636,4.283545,8.299368,1
178774,-3.2509044,5.277939,5.889874,1
178876,-3.0979206,6.0046116,7.34321968,0
178978,-3.556872,7.9934008,6.654793,0
179080,-0.8031646,8.108138,2.409494,0
179182,1.4150996,7.6491864,-1.4915914,0
179284,-0.07649187,5.0484632,-6.081104,0
179386,-1.6828212,-12.123961,-3.9775772,0
179488,-19.581918,0.8031646,19.543672,0
179590,-2.0270346,-3.1361668,9.523238,0
179692,-3.48038,-0.91790248,10.63237,0
179794,-4.3982824,-0.26772156,10.708861,0
179896,-6.8460224,0.15298374,6.7312848,1
179998,-5.277939,1.75931316,5.8133816,1
180100,-6.0428576,2.6772154,8.299368,1
180202,-4.4747744,2.8684452,8.069892,1
180304,-4.2070528,3.0596748,6.3488256,1
180406,-5.507415,2.1035264,7.0754976,1
180508,-4.9337252,1.9122966,8.643581,1
180610,-6.6165468,1.79755884,8.031646,1
180712,-6.2723336,0.573689,8.031646,1
180814,-5.7751364,-0.61193496,9.523238,1
180916,-5.7368904,-0.573689,9.102532,1
181018,-6.3105792,0.0,7.45795736,1
181120,-5.277939,0.382459336,7.26672736,1
181221,-5.9281196,0.9561483,11.6650092,1
181324,-4.70425,1.6828212,11.167813,1
181426,-4.627758,3.67160984,10.288156,1
181528,-3.7863476,5.277939,7.5344492,1
181630,-2.8301992,6.8460224,6.2723336,1
181732,-2.2565102,7.34321968,4.054069,1
181834,-2.0270346,7.5726952,2.983183,0
181936,-0.30596748,7.9934008,-1.2621158,0
182038,1.3386077,7.84041636,-6.081104,0
182140,2.2565102,0.5354431,-15.795571,0
182242,-4.4747744,-11.512027,17.172426,0
182344,-1.4150996,-3.59511768,19.543672,0
182445,-2.7919534,0.0,9.714468,0
182548,-3.70985568,-0.191229668,10.900091,0
182649,-4.857234,-0.34421344,7.1519896,1
182752,-4.70425,0.34421344,7.34321968,1
182854,-6.3488256,2.9066908,8.299368,1
182956,-7.9551544,3.1361668,5.6221524,1
183058,-8.987795,3.51862632,5.0484632,1
183160,-9.21727,3.2891502,4.092315,1
183262,-10.7471068,4.4365288,1.8740508,1
183363,-8.069892,5.0102176,0.7649187,1
183466,-9.293762,5.6603984,-1.0708862,1
183567,-4.9719716,6.1958412,-2.1035264,1
183670,-4.818988,5.5456604,-2.7537074,1
183772,-8.414105,6.3488256,-1.185624,1
183874,-9.637976,6.0046116,-0.9561483,1
183976,-8.108138,4.9719716,-0.9943943,1
184078,-7.9934008,4.4747744,-1.79755884,0
184179,-11.817993,6.2723336,2.5242316,0
184282,-14.495209,6.3105792,3.8245932,0
184384,-6.7695304,-5.851628,3.40388832,0
184486,-5.0102176,-4.168807,-12.162208,0
184588,-7.03725236,-2.944937,-14.839423,0
184690,-4.589512,1.147378,-7.45795736,1
184791,-6.654793,3.90108536,-6.88426836,1
184894,-6.5018088,4.130561,-5.5839068,1
184996,-7.45795736,5.507415,-4.4747744,1
185098,-8.299368,6.9225144,-1.3386077,1
185200,-7.687433,7.41971136,-0.87965656,1
185301,-6.9225144,8.261122,-1.4150996,1
185404,-8.299368,7.5344492,-4.092315,1
185506,-3.70985568,5.6986448,-3.3273964,1
185607,-4.3217908,6.9225144,-2.9066908,1
185710,-3.7481016,7.45795736,-2.1035264,1
185811,-3.556872,7.19023536,-0.65018092,1
185914,-8.949549,6.7312848,1.185624,1
186016,-6.80777636,6.2340876,-0.9943943,1
186118,-7.0754976,5.392677,-1.79755884,1
186219,-7.5344492,3.9393312,-2.4859858,0
186322,-8.18463,2.8301992,-2.371248,0
186424,-19.581918,4.168807,-8.108138,0
186526,-19.581918,1.2238699,-6.540055,0
186628,19.543672,-13.386077,2.4477398,0
186729,8.758319,4.245299,0.11473781,0
186832,0.65018092,10.517632,-0.038245936,0
186934,-0.191229668,9.446746,-1.3386077,0
187035,-0.9561483,8.720073,-0.382459336,1
187138,-5.9281196,8.758319,2.7154612,1
187240,-6.1575956,8.414105,2.1035264,1
187342,-9.561483,8.720073,3.2891502,1
187444,-9.59973,9.332008,3.1361668,1
187546,-5.6221524,8.337614,1.2238699,1
187648,-4.5130204,8.299368,1.83580492,1
187749,-3.0214288,8.605335,2.6389694,1
187852,-3.1361668,9.523238,2.1417724,1
187954,-1.4150996,9.446746,1.83580492,1
188055,-0.5354431,9.255516,2.5624778,1
188158,-0.65018092,9.714468,1.72106708,1
188260,-0.49719716,9.8292056,1.95054268,1
188361,-0.22947562,9.714468,1.6828212,1
188464,-0.22947562,9.637976,2.371248,1
188566,0.038245936,9.676222,1.5298374,1
188668,1.4150996,9.4085,0.9943943,1
188770,1.5298374,9.255516,0.8414106,1
188872,1.3003619,9.446746,1.3386077,1
188974,0.8414106,9.790959,1.72106708,1
189076,1.2621158,9.293762,1.9122966,1
189177,0.7649187,9.59973,2.8301992,0
189280,6.081104,7.7256792,3.8245932,0
189382,15.757325,1.0708862,0.30596748,0
189483,-19.581918,-3.2891502,7.1519896,0
189586,-12.123961,5.4691688,2.0652804,0
189687,-8.18463,7.3049736,3.2891502,0
189790,-7.80217068,7.26672736,2.2565102,1
189891,-9.8292056,7.84041636,2.5242316,1
189994,-5.5839068,8.108138,3.1361668,1
190096,-1.72106708,8.146384,1.1091322,1
190197,-1.0326402,8.414105,2.1800182,1
190300,-0.34421344,6.6165468,0.8031646,1
190402,-6.5018088,7.1519896,1.3768537,1
190503,-9.446746,8.031646,2.333002,1
190606,-8.146384,7.26672736,2.0270346,1
190708,-8.987795,6.88426836,1.2238699,1
190809,-8.222876,6.4635636,2.1800182,1
190912,-7.7256792,6.3870708,3.2126584,1
191014,-7.41971136,6.3488256,1.9122966,1
191115,-6.88426836,6.2340876,2.4859858,1
191218,-7.19023536,6.3488256,3.1361668,1
191319,-7.0754976,6.3488256,2.4477398,1
191422,-7.3049736,6.5018088,2.0652804,1
191523,-6.9990068,6.425317,3.67160984,1
191626,-6.081104,6.3105792,5.6986448,1
191728,-3.51862632,6.3870708,6.8460224,1
191829,-1.4533454,6.4635636,7.113744,1
191932,0.65018092,6.081104,7.6491864,1
192034,2.944937,5.8133816,7.41971136,1
192135,3.2891502,6.425317,6.88426836,1
192238,5.1632012,6.2723336,5.4691688,1
192339,4.589512,6.96076,5.6221524,1
192442,4.627758,6.88426836,4.015823,1
192544,2.1417724,7.9551544,4.8954796,1
192646,-0.8414106,8.796565,4.5130204,1
192748,-3.1361668,8.949549,2.6389694,1
192850,-4.092315,8.873057,1.6828212,1
192952,-5.7751364,8.834811,-1.1091322,1
193054,-5.0102176,8.490598,-3.2509044,1
193156,-3.3273964,8.069892,-4.3982824,1
193258,-2.5624778,7.5344492,-5.1249556,1
193359,-2.0270346,6.3488256,-5.7751364,1
193462,-1.83580492,5.4309224,-6.425317,1
193563,-2.7537074,3.90108536,-6.2723336,1
193666,-5.507415,2.8301992,-8.987795,1
193768,-7.34321968,1.1091322,-9.905697,1
193869,-8.528844,0.68842684,-8.681828,1
193972,-9.102532,1.79755884,-5.0484632,1
194074,-9.332008,2.7537074,-5.6221524,1
194176,-8.949549,4.3982824,-3.8628396,1
194278,-8.681828,6.1575956,0.15298374,1
194379,-6.654793,7.34321968,1.0708862,1
194482,-4.4365288,7.9169084,0.87965656,1
194583,-1.4533454,8.18463,2.9066908,1
194686,-0.9561483,8.681828,2.333002,1
194788,-0.34421344,8.911303,2.944937,1
194890,-0.8414106,9.21727,4.3600364,1
194992,-0.382459336,8.911303,4.627758,1
195093,0.45895124,8.490598,3.8628396,1
195196,0.9561483,8.56709,5.1249556,1
195298,2.1800182,8.031646,6.3105792,1
195400,2.4859858,7.6109416,4.589512,1
195502,3.7863476,6.425317,4.4365288,1
195604,5.3544308,5.3544308,5.3544308,1
195705,5.1249556,5.0484632,6.2340876,1
195808,4.742496,4.5130204,5.7368904,1
195910,4.8954796,3.67160984,7.80217068,1
196012,4.551266,2.9066908,9.064287,1
196115,4.130561,2.333002,8.490598,1
196217,4.054069,1.75931316,9.370254,1
196318,3.90108536,1.3768537,9.21727,1
196421,1.75931316,1.4533454,10.096927,1
196523,0.22947562,2.7919534,10.288156,1
196626,-4.092315,3.9393312,9.523238,1
196728,-6.3488256,4.742496,6.8460224,1
196830,-9.8292056,3.90108536,4.092315,1
196931,-7.4962032,1.95054268,3.7863476,1
197034,-11.244305,0.91790248,2.8684452,1
197135,-10.288156,0.65018092,2.1035264,1
197238,-9.140779,-0.07649187,1.75931316,1
197339,-10.288156,0.22947562,2.8684452,1
197442,-9.370254,-0.191229668,1.9887886,1
197543,-10.938337,0.30596748,5.5839068,1
197646,-8.528844,0.68842684,5.6986448,1
197748,-8.643581,0.30596748,5.5456604,1
197850,-8.261122,-1.0326402,4.9337252,1
197952,-9.561483,-0.038245936,2.7537074,1
198053,-9.446746,0.4207053,2.8684452,1
198156,-9.867451,0.5354431,0.191229668,1
198258,-10.173419,0.22947562,-0.49719716,1
198359,-10.020435,0.26772156,-1.1091322,1
198462,-10.785354,-0.34421344,-1.5298374,1
198563,-9.867451,0.5354431,-1.1091322,1
198666,-9.867451,0.22947562,-1.147378,1
198768,-9.867451,0.22947562,-1.0326402,1
198869,-9.905697,0.191229668,-0.87965656,1
198972,-9.982189,0.22947562,-0.61193496,1
199073,-9.867451,0.22947562,0.0,1
199176,-9.867451,0.22947562,-0.038245936,1
199278,-9.905697,0.22947562,0.26772156,1
199379,-9.561483,0.26772156,0.8414106,1
199482,-9.561483,-0.07649187,-2.8301992,1
199584,-9.676222,0.191229668,-2.7919534,1
199686,-9.714468,0.191229668,0.30596748,1
199789,-9.943943,0.22947562,0.038245936,1
199890,-9.982189,0.22947562,0.038245936,1
199993,-9.905697,0.22947562,-0.07649187,1
200094,-9.8292056,0.26772156,0.5354431,1
200197,-10.020435,0.22947562,0.07649187,1
200299,-9.943943,0.22947562,0.573689,1
200401,-9.943943,0.22947562,0.68842684,1
200502,-9.8292056,0.26772156,0.7649187,1
200605,-9.8292056,0.22947562,0.11473781,1
200706,-10.020435,0.0,-1.0708862,1
200809,-9.8292056,0.15298374,-0.91790248,1
200910,-9.8292056,0.26772156,-0.8414106,1
201013,-9.943943,0.191229668,-1.6445751,1
201114,-9.752713,0.22947562,-0.8414106,1
201217,-9.8292056,0.22947562,-1.2621158,1
201318,-9.867451,0.22947562,-1.3768537,1
201421,-9.8292056,0.22947562,-1.185624,1
201523,-9.8292056,0.22947562,-1.1091322,1
201625,-9.8292056,0.22947562,-1.147378,1
201728,-9.8292056,0.22947562,-1.185624,1
201830,-9.8292056,0.22947562,-1.1091322,1
201931,-9.8292056,0.22947562,-1.185624,1
202034,-9.8292056,0.22947562,-1.147378,1
202135,-9.8292056,0.26772156,-1.185624,1
202238,-9.867451,0.22947562,-1.147378,1
202340,-9.8292056,0.22947562,-1.147378,1
202441,-9.8292056,0.22947562,-1.185624,1
202544,-9.8292056,0.191229668,-1.185624,1
202645,-9.8292056,0.22947562,-1.185624,1
202748,-9.8292056,0.22947562,-1.185624,1
202850,-9.8292056,0.22947562,-1.147378,1
202952,-9.8292056,0.22947562,-1.185624,1
203053,-9.8292056,0.26772156,-1.147378,1
203156,-9.8292056,0.22947562,-1.147378,1
203257,-9.8292056,0.22947562,-1.185624,1
203360,-9.867451,0.22947562,-1.147378,1
203462,-9.8292056,0.22947562,-1.147378,1
203563,-9.8292056,0.22947562,-1.147378,1
203666,-9.8292056,0.22947562,-1.147378,1
203767,-9.8292056,0.22947562,-1.185624,1
203870,-9.8292056,0.22947562,-1.185624,1
203972,-9.8292056,0.22947562,-1.185624,1
204073,-9.8292056,0.22947562,-1.185624,1
204176,-9.8292056,0.191229668,-1.185624,1
204277,-9.8292056,0.22947562,-1.185624,1
204380,-9.8292056,0.22947562,-1.147378,1
204482,-9.8292056,0.22947562,-1.185624,1
204583,-9.8292056,0.22947562,-1.147378,1
204686,-9.8292056,0.22947562,-1.185624,1
204787,-9.8292056,0.22947562,-1.147378,1
204890,-9.8292056,0.22947562,-1.2238699,1
204991,-9.8292056,0.22947562,-1.2238699,1
205094,-9.8292056,0.22947562,-1.185624,1
205195,-9.8292056,0.191229668,-1.185624,1
205298,-9.790959,0.22947562,-1.185624,1
205400,-9.8292056,0.26772156,-1.185624,1
205501,-9.8292056,0.22947562,-1.185624,1
205604,-9.8292056,0.22947562,-1.185624,1
205705,-9.8292056,0.22947562,-1.185624,1
205808,-9.8292056,0.191229668,-1.147378,1
205910,-9.8292056,0.22947562,-1.185624,1
206011,-9.8292056,0.191229668,-1.147378,1
206114,-9.8292056,0.22947562,-1.185624,1
206215,-9.8292056,0.22947562,-1.185624,1
206318,-9.8292056,0.22947562,-1.185624,1
206419,-9.867451,0.22947562,-1.185624,1
206522,-9.8292056,0.191229668,-1.185624,1
206624,-9.8292056,0.22947562,-1.185624,1
206725,-9.8292056,0.22947562,-1.185624,1
206828,-9.8292056,0.22947562,-1.185624,1
206930,-9.8292056,0.22947562,-1.147378,1
207031,-9.8292056,0.22947562,-1.185624,1
207134,-9.8292056,0.22947562,-1.147378,1
207235,-9.8292056,0.191229668,-1.185624,1
207338,-9.8292056,0.191229668,-1.185624,1
207439,-9.8292056,0.22947562,-1.185624,1
207542,-9.8292056,0.22947562,-1.185624,1
207643,-9.8292056,0.22947562,-1.2238699,1
207746,-9.8292056,0.22947562,-1.185624,1
207847,-9.8292056,0.22947562,-1.2238699,1
207950,-9.8292056,0.22947562,-1.185624,1
208051,-9.8292056,0.22947562,-1.185624,1
208154,-9.8292056,0.22947562,-1.185624,1
208256,-9.8292056,0.22947562,-1.185624,1
208357,-9.8292056,0.191229668,-1.185624,1
208460,-9.8292056,0.22947562,-1.185624,1
208561,-9.8292056,0.22947562,-1.147378,1
208664,-9.8292056,0.191229668,-1.185624,1
208765,-9.8292056,0.22947562,-1.185624,1
208868,-9.8292056,0.22947562,-1.185624,1
208970,-9.8292056,0.22947562,-1.2238699,1
209072,-9.8292056,0.22947562,-1.185624,1
209175,-9.8292056,0.22947562,-1.185624,1
209276,-9.4085,-0.382459336,-2.8684452,1
209379,-8.643581,-0.49719716,-3.51862632,1
209480,-9.140779,0.07649187,-5.0102176,1
209583,-6.4635636,-0.382459336,-7.687433,1
209685,-5.0102176,0.91790248,-8.452352,1
209786,-4.9719716,0.191229668,-10.441141,1
209889,-5.7368904,0.22947562,-8.414105,1
209990,-4.3982824,0.22947562,-9.4085,1
210093,-4.3600364,0.15298374,-8.949549,1
210194,-2.9066908,0.382459336,-9.332008,1
210297,-2.6389694,0.4207053,-9.446746,1
210399,-2.7154612,0.382459336,-9.370254,1
210501,-2.6772154,0.382459336,-9.370254,1
210604,-2.5624778,0.4207053,-9.4085,1
210705,-2.409494,0.45895124,-9.484992,1
210808,-2.4859858,0.45895124,-9.446746,1
210910,-2.409494,0.4207053,-9.446746,1
211012,-2.4477398,0.49719716,-9.446746,1
211113,-2.333002,0.45895124,-9.446746,1
211216,-2.294756,0.49719716,-9.446746,1
211318,-2.0652804,0.5354431,-9.523238,1
211419,-2.0270346,0.5354431,-9.523238,1
211522,-1.9887886,0.5354431,-9.523238,1
211624,-1.9887886,0.573689,-9.523238,1
211725,-1.9887886,0.5354431,-9.523238,1
211828,-2.0270346,0.5354431,-9.484992,1
211930,-2.0270346,0.5354431,-9.523238,1
212031,-2.0270346,0.573689,-9.484992,1
212134,-2.0652804,0.573689,-9.4085,1
212236,-2.0270346,0.573689,-9.446746,1
212338,-1.9887886,0.5354431,-9.523238,1
212439,-1.9887886,0.573689,-9.446746,1
212542,-1.9887886,0.5354431,-9.561483,1
212644,-2.0270346,0.573689,-9.523238,1
212745,-2.0270346,0.573689,-9.561483,1
212848,-2.0270346,0.5354431,-9.523238,1
212950,-1.9887886,0.573689,-9.561483,1
213052,-2.0270346,0.573689,-9.523238,1
213153,-1.9887886,0.573689,-9.561483,1
213256,-1.9887886,0.5354431,-9.523238,1
213358,-2.0270346,0.5354431,-9.561483,1
213459,-1.9887886,0.5354431,-9.523238,1
213562,-2.0270346,0.573689,-9.523238,1
213664,-1.9887886,0.5354431,-9.561483,1
213765,-2.0270346,0.573689,-9.523238,1
213868,-2.0270346,0.573689,-9.523238,1
213970,-2.0270346,0.573689,-9.523238,1
214072,-2.0270346,0.573689,-9.523238,1
214174,-1.9887886,0.5354431,-9.561483,1
214275,-1.9887886,0.573689,-9.561483,1
214378,-2.0270346,0.573689,-9.523238,1
214480,-2.0270346,0.5354431,-9.561483,1
214581,-1.9887886,0.5354431,-9.523238,1
214684,-2.0270346,0.573689,-9.484992,1
214786,-2.0270346,0.573689,-9.523238,1
214887,-2.0652804,0.5354431,-9.446746,1
214990,-1.9887886,0.5354431,-9.523238,1
215091,-1.9887886,0.61193496,-9.943943,1
215194,-1.147378,1.9122966,-11.053075,1
215296,-1.5680834,0.30596748,-9.370254,1
215399,-1.6063292,-0.038245936,-9.752713,1
215501,-1.72106708,0.26772156,-8.108138,1
215603,-7.03725236,0.07649187,-6.88426836,1
215706,-8.987795,0.87965656,-2.8684452,1
215808,-6.4635636,1.9887886,-3.2509044,1
215911,-9.8292056,2.2565102,-5.3544308,1
216013,-7.113744,3.1744128,-7.228482,1
216116,-4.168807,2.4477398,-6.7695304,1
216218,-4.7807416,2.4477398,-9.293762,1
216320,-0.038245936,2.6772154,-8.720073,1
216423,6.8460224,2.7154612,-4.4747744,1
216524,9.59973,0.34421344,-1.4915914,1
216627,9.982189,-0.07649187,-0.65018092,1
216729,9.8292056,-0.34421344,0.382459336,1
216831,9.561483,-1.147378,1.1091322,1
216934,9.561483,-0.30596748,2.2182644,1
217035,9.561483,-0.34421344,1.5298374,1
217138,9.867451,-0.26772156,0.65018092,1
217239,9.332008,-0.7649187,2.1417724,1
217342,9.446746,-0.26772156,3.0214288,1
217444,8.911303,-0.7266727,3.8628396,1
217545,9.4085,-0.382459336,2.5624778,1
217648,9.523238,-0.4207053,1.3768537,1
217750,9.676222,-0.34421344,0.91790248,1
217852,9.4085,-0.30596748,1.3768537,1
217955,9.637976,-0.191229668,0.8414106,1
218056,9.59973,-0.26772156,0.8414106,1
218159,9.676222,-0.30596748,0.8414106,1
218261,9.59973,-0.26772156,0.9943943,1
218362,9.59973,-0.22947562,1.1091322,1
218465,9.59973,-0.26772156,0.91790248,1
218567,9.637976,-0.22947562,0.573689,1
218668,9.714468,-0.34421344,-0.07649187,1
218771,9.637976,-0.382459336,0.34421344,1
218872,9.752713,-0.382459336,-0.65018092,1
218975,9.714468,-0.11473781,-1.6445751,1
219076,9.637976,-0.26772156,0.45895124,1
219179,9.905697,-0.191229668,1.83580492,1
219281,9.790959,-0.382459336,1.2621158,1
219384,9.637976,-0.26772156,0.9561483,1
219485,9.637976,-0.34421344,1.0326402,1
219588,9.59973,-0.22947562,0.91790248,1
219689,9.867451,-0.34421344,0.91790248,1
219792,9.637976,-0.26772156,0.9561483,1
219894,9.59973,-0.26772156,1.0708862,1
219996,9.790959,-0.26772156,0.382459336,1
220099,9.637976,-0.34421344,1.0326402,1
220200,9.943943,-0.4207053,0.61193496,1
220303,9.676222,-0.26772156,1.0326402,1
220405,9.59973,-0.07649187,1.2238699,1
220506,9.637976,-0.30596748,0.9561483,1
220609,9.523238,-0.22947562,1.4915914,1
220711,9.523238,-0.22947562,2.1800182,1
220813,8.987795,-0.34421344,3.7481016,1
220916,8.337614,-0.22947562,4.9719716,1
221017,7.7256792,-0.45895124,4.742496,1
221120,8.031646,-0.26772156,5.5456604,1
221222,7.5726952,-0.15298374,6.3488256,1
221324,8.031646,-1.147378,6.5018088,1
221425,6.80777636,0.26772156,6.88426836,1
221528,6.3105792,0.87965656,6.9225144,1
221630,5.6221524,0.9943943,9.102532,1
221733,5.1632012,1.4533454,10.441141,1
221834,6.0428576,2.9066908,9.102532,1
221937,3.7863476,2.5242316,8.337614,1
222039,0.382459336,2.6772154,8.108138,1
222141,-0.4207053,0.68842684,9.026041,1
222244,-7.3814652,2.4859858,7.9551544,1
222346,-5.889874,3.1744128,7.8786624,1
222449,-5.5456604,1.0708862,8.834811,1
222551,-5.392677,2.2182644,7.8786624,1
222653,-5.277939,3.40388832,8.414105,1
222756,-4.70425,4.2070528,8.222876,1
222858,-4.245299,6.7312848,6.7312848,1
222960,-3.7863476,4.4747744,8.56709,1
223063,-4.70425,4.7807416,9.21727,1
223165,-4.666004,5.0867096,8.643581,1
223266,-3.9393312,6.1958412,6.6165468,1
223369,-1.4150996,8.299368,2.7919534,1
223470,-0.9561483,8.720073,1.3003619,0
223573,-0.65018092,7.6491864,-2.6389694,0
223674,-0.61193496,0.61193496,-16.025048,0
223777,3.44213416,-19.581918,16.598736,0
223879,-11.588519,-6.5018088,17.746114,0
223982,-3.9393312,0.7649187,12.621159,0
224084,-3.2126584,0.26772156,8.37586,0
224187,-1.0708862,5.1632012,-1.147378,1
224289,-3.3273964,4.551266,8.108138,1
224390,-3.2509044,4.742496,4.818988,1
224493,-2.6389694,3.0596748,4.5130204,1
224594,-3.7863476,3.1361668,9.255516,1
224697,-4.3217908,1.9887886,10.441141,1
224799,-5.0867096,0.26772156,11.359043,1
224901,-4.2070528,-0.61193496,9.59973,1
225004,-3.2509044,-1.75931316,9.484992,1
225106,-2.1417724,-2.4477398,9.523238,1
225209,-1.5680834,-2.7919534,10.288156,1
225310,-1.8740508,-2.333002,11.053075,1
225413,-1.95054268,-1.75931316,10.670615,1
225515,-1.4533454,-1.5298374,9.4085,1
225618,-1.79755884,-1.3768537,9.523238,1
225719,-1.9122966,-0.7266727,9.905697,1
225822,-2.371248,1.4533454,12.238699,1
225923,-2.8301992,0.07649187,13.653799,1
226026,-2.1035264,-1.2238699,9.4085,1
226128,-1.79755884,-0.8031646,6.2723336,1
226231,-3.1744128,-0.49719716,8.452352,0
226333,-3.48038,-0.34421344,12.621159,0
226434,-2.6007238,-0.15298374,9.484992,0
226537,-7.113744,-6.8460224,19.543672,0
226638,0.0,-15.030653,-18.472786,0
226741,-1.6063292,5.6603984,-2.0270346,0
226843,-1.75931316,7.3814652,-0.382459336,0
226946,-3.2126584,6.80777636,9.59973,1
227048,-1.9122966,6.4635636,8.911303,1
227150,-2.5624778,4.818988,8.261122,1
227253,-3.556872,1.0708862,8.796565,1
227355,-1.72106708,-0.382459336,8.528844,1
227458,-1.0708862,-1.0326402,10.861845,1
227560,-1.4533454,-2.983183,13.156601,1
227662,-0.34421344,-3.0214288,11.512027,1
227765,-0.26772156,-3.2126584,9.790959,1
227867,-0.61193496,-2.6007238,10.861845,1
227970,-1.4533454,-1.3003619,11.320797,1
228072,-2.5624778,-0.61193496,11.282551,1
228199,0.038245936,-0.49719716,7.8786624,1
228300,0.30596748,1.9122966,8.108138,1
228403,0.61193496,2.1417724,8.069892,1
228505,1.3003619,0.7266727,7.228482,1
228607,4.245299,0.038245936,9.943943,1
228710,8.18463,3.2891502,15.527849,1
228812,4.5130204,3.51862632,14.68644,1
228915,4.168807,5.4309224,5.889874,1
229017,-1.147378,6.6930384,3.67160984,1
229119,-0.34421344,8.261122,1.147378,1
229222,-0.5354431,8.18463,0.30596748,1
229324,1.0326402,8.56709,-0.34421344,1
229426,0.26772156,7.5344492,2.7537074,1
229529,-1.4533454,9.255516,1.4533454,1
229631,-1.0326402,9.102532,1.83580492,1
229734,0.191229668,8.720073,3.8245932,1
229836,-3.2126584,9.59973,1.2238699,1
229939,-4.5130204,8.834811,0.26772156,1
230041,-5.3544308,7.7639248,-1.2238699,1
230143,-7.41971136,6.8460224,-1.147378,1
230246,-7.41971136,6.3488256,-2.294756,1
230348,-8.37586,5.7368904,-2.6007238,1
230451,-8.18463,4.168807,-3.90108536,1
230553,-8.987795,4.015823,-4.857234,1
230654,-9.140779,3.1744128,-4.130561,1
230757,-9.064287,1.79755884,-2.983183,1
230859,-10.135173,0.8031646,-3.48038,1
230961,-8.834811,-0.7266727,-4.857234,1
231064,-7.0754976,-1.4533454,-5.8133816,1
231166,-6.2340876,-1.9887886,-5.966366,1
231268,-5.2396928,-2.5624778,-6.80777636,1
231371,-5.889874,-3.40388832,-8.299368,1
231473,-5.1632012,-4.245299,-9.255516,1
231576,-3.3273964,-4.818988,-7.3814652,1
231678,-2.6772154,-5.5839068,-8.873057,1
231780,-0.191229668,-6.4635636,-7.84041636,1
231883,0.34421344,-6.9225144,-6.8460224,1
231985,1.4915914,-7.4962032,-5.889874,1
232088,3.3273964,-7.7639248,-5.0484632,1
232190,3.67160984,-7.84041636,-4.7807416,1
232293,3.8628396,-8.337614,-3.70985568,1
232396,4.054069,-8.108138,-4.3982824,1
232498,4.857234,-8.414105,-4.054069,1
232599,4.742496,-7.228482,-4.589512,1
232702,3.0979206,-6.7312848,-5.0867096,1
232804,-0.07649187,-6.1575956,-6.6165468,1
232907,-1.147378,-6.88426836,-7.84041636,1
233009,-2.333002,-6.1575956,-7.6109416,1
233111,-5.5839068,-4.5130204,-6.4635636,1
233214,-7.6109416,-3.8245932,-5.851628,1
233316,-7.45795736,-2.7537074,-2.944937,1
233419,-10.288156,-2.4859858,0.7649187,1
233521,-9.446746,-1.72106708,2.1035264,1
233624,-9.523238,-1.6828212,2.1800182,1
233726,-9.293762,-1.72106708,1.9122966,1
233829,-10.441141,0.45895124,1.4533454,1
233931,-10.211665,0.49719716,0.8414106,1
234034,-10.861845,3.48038,-0.34421344,1
234135,-9.21727,4.589512,-0.382459336,1
234238,-7.26672736,5.5456604,-1.1091322,1
234339,-6.9225144,6.88426836,0.0,1
234442,-8.337614,6.3870708,1.95054268,1
234543,-8.108138,6.9225144,1.9887886,1
234646,-5.6221524,7.4962032,2.6772154,1
234747,-4.283545,7.26672736,4.9337252,1
234850,-2.6007238,6.654793,4.9719716,1
234951,-2.6772154,6.88426836,5.851628,1
235054,2.1417724,5.889874,6.1575956,1
235156,3.48038,5.3544308,6.4635636,1
235259,3.7863476,5.1249556,6.425317,1
235361,5.507415,5.1249556,5.0102176,1
235463,6.9990068,4.130561,4.742496,1
235566,7.228482,4.3217908,3.59511768,1
235667,7.8786624,4.9337252,1.1091322,1
235770,8.605335,3.8245932,0.07649187,1
235872,9.255516,3.3273964,-2.1035264,1
235974,8.222876,4.589512,-1.83580492,1
236077,7.19023536,4.4365288,-2.5242316,1
236180,6.3870708,4.9719716,-4.092315,1
236282,6.5783004,4.245299,-5.6221524,1
236384,4.627758,3.2509044,-6.96076,1
236487,3.3273964,2.5624778,-8.337614,1
236589,1.1091322,1.1091322,-9.064287,1
236691,-0.573689,1.147378,-9.982189,1
236794,-4.627758,0.15298374,-9.140779,1
236896,-8.18463,-0.87965656,-6.2340876,1
236998,-9.943943,-1.4150996,-4.168807,1
237101,-11.856239,-1.0326402,-0.5354431,1
237202,-12.276945,-0.34421344,1.6063292,1
237305,-9.8292056,-0.11473781,3.7863476,1
237407,-7.45795736,0.61193496,5.4309224,1
237510,-6.9225144,2.2182644,5.9281196,1
237612,-6.4635636,2.371248,6.1193496,1
237715,-5.1249556,3.1361668,6.4635636,1
237817,-6.7312848,3.3656424,9.714468,1
237920,-6.9225144,4.2070528,6.1193496,1
238022,-8.37586,4.551266,8.069892,1
238125,-6.0428576,4.818988,8.720073,1
238227,-4.054069,4.5130204,4.70425,1
238329,-4.2070528,4.4747744,5.6603984,1
238432,-6.96076,-0.49719716,10.900091,1
238533,-10.594124,-3.7481016,9.637976,1
238636,-9.867451,-3.1361668,9.140779,1
238738,-7.84041636,-0.7649187,10.288156,1
238841,-2.0652804,5.1632012,2.1800182,1
238943,-2.5242316,4.551266,-5.851628,0
239045,-3.51862632,4.3600364,-9.064287,0
239148,-3.9393312,0.382459336,-9.484992,0
239250,2.4477398,-7.687433,-5.2396928,0
239353,-9.026041,-19.581918,19.543672,0
239454,-5.316185,-6.2723336,19.543672,0
239557,2.6772154,-1.8740508,-4.3217908,0
239658,-1.72106708,3.48038,-6.5783004,0
239761,-2.4477398,5.0867096,-3.59511768,1
239863,-1.185624,4.015823,0.49719716,1
239966,-3.7481016,-0.68842684,7.80217068,1
240067,-7.113744,-5.0102176,15.719079,1
240170,-4.8954796,0.07649187,14.418717,1
240272,-0.9561483,3.9393312,11.588519,1
240375,-1.0326402,1.6445751,5.8133816,1
240477,2.1800182,5.889874,4.4365288,1
240579,0.8031646,6.9225144,4.130561,1
240682,-1.79755884,5.2396928,10.670615,1
240784,-0.22947562,6.1575956,6.5018088,1
240887,1.4533454,7.1519896,4.742496,1
240989,2.6772154,8.031646,3.67160984,1
241092,3.0979206,7.84041636,2.4477398,1
241195,2.944937,6.0428576,4.70425,1
241297,0.45895124,5.4309224,7.4962032,1
241398,-2.4859858,7.19023536,7.5344492,1
241501,-7.84041636,8.299368,2.4477398,1
241603,-14.418717,9.982189,2.7919534,1
241706,-7.113744,7.41971136,2.6389694,1
241808,-1.72106708,6.6930384,4.3217908,1
241911,-1.5298374,7.687433,2.5624778,1
242013,0.65018092,5.889874,5.6221524,1
242116,1.147378,5.0484632,5.8133816,1
242217,6.1575956,2.6007238,10.594124,1
242320,4.4365288,2.5624778,12.391683,1
242422,-0.34421344,3.44213416,10.479385,1
242525,-0.9561483,4.3982824,9.790959,1
242627,-2.2182644,5.507415,9.714468,1
242730,-1.147378,6.3488256,9.4085,1
242832,1.6063292,5.316185,9.561483,1
242934,0.87965656,3.9393312,12.621159,1
243037,-2.1800182,5.966366,7.0754976,1
243139,-0.61193496,6.5018088,5.507415,1
243242,-0.68842684,5.5839068,9.293762,1
243343,1.5298374,6.3105792,6.5783004,1
243446,2.5242316,7.1519896,4.8954796,1
243548,2.8684452,7.7639248,3.51862632,1
243651,3.3273964,7.34321968,3.9775772,1
243753,1.4533454,8.069892,4.8954796,1
243856,1.0708862,9.370254,2.5624778,1
243958,1.2238699,10.326403,-0.87965656,1
244061,2.1800182,10.135173,-3.2891502,1
244163,3.63336368,9.561483,-4.70425,1
244266,3.8245932,6.6930384,-0.9943943,1
244367,4.4365288,7.8786624,-2.6772154,1
244470,3.8245932,8.299368,-4.2070528,1
244572,2.7154612,8.56709,-4.666004,1
244674,0.0,9.714468,-5.2014476,1
244777,-0.87965656,9.637976,-3.44213416,1
244878,-2.4859858,8.796565,-0.11473781,1
244981,-2.409494,8.108138,5.316185,1
245083,-0.34421344,8.37586,4.054069,1
245185,1.1091322,5.6986448,4.589512,1
245288,-0.573689,4.2070528,10.288156,1
245389,1.4533454,5.2396928,8.337614,1
245492,3.2509044,1.3768537,11.053075,1
245593,0.9943943,1.1091322,11.091321,1
245696,1.5298374,1.4915914,9.446746,1
245797,1.6828212,1.2238699,9.867451,1
245900,3.2509044,1.2238699,9.561483,1
246002,3.0596748,1.6828212,8.949549,1
246105,4.9719716,1.8740508,9.064287,1
246207,4.130561,2.1800182,7.9551544,1
246309,6.9225144,0.4207053,7.26672736,1
246412,7.6109416,0.07649187,7.41971136,1
246514,7.1519896,-0.11473781,4.2070528,1
246617,7.80217068,1.2238699,4.818988,1
246720,9.064287,-0.34421344,3.40388832,1
246822,8.834811,-0.7649187,3.7481016,1
246924,9.332008,-1.6063292,2.8684452,1
247027,9.561483,-3.8245932,0.8031646,1
247128,8.452352,-4.9337252,0.15298374,1
247231,7.41971136,-6.0046116,-0.49719716,1
247332,7.34321968,-7.26672736,-0.7649187,1
247435,6.2340876,-7.3049736,-1.5680834,1
247537,5.6986448,-7.7639248,-1.2621158,1
247640,4.9719716,-9.064287,-1.0326402,1
247741,5.2396928,-8.643581,-0.65018092,1
247844,5.277939,-7.45795736,-0.5354431,1
247945,7.228482,-7.26672736,-0.49719716,1
248048,9.255516,-5.1249556,0.65018092,1
248150,8.873057,-2.8684452,2.0270346,1
248253,8.949549,0.382459336,4.3217908,1
248355,7.5726952,2.7154612,6.425317,1
248457,6.5018088,4.666004,5.8133816,1
248560,3.9775772,7.228482,5.5456604,1
248661,1.3386077,7.4962032,5.6221524,1
248764,3.2509044,6.1958412,6.5783004,1
248865,0.8031646,4.3217908,8.873057,1
248968,-0.34421344,2.8301992,9.867451,1
249070,-3.1361668,1.9887886,8.681828,1
249173,-2.1800182,2.0652804,8.261122,1
249275,-2.4859858,-3.7481016,9.714468,1
249377,-3.40388832,-6.88426836,8.261122,1
249480,-3.0979206,-4.4747744,8.528844,1
249582,-4.9337252,-5.3544308,10.7471068,1
249685,-3.1361668,-1.4150996,11.129567,1
249787,-4.4747744,-0.4207053,9.255516,1
249890,-3.63336368,0.0,8.528844,1
249992,-2.6389694,1.1091322,9.293762,1
250095,-2.8301992,1.3003619,7.687433,1
250197,-3.0596748,1.83580492,7.9934008,1
250300,-3.0596748,2.2182644,8.18463,1
250402,-3.2509044,2.371248,9.676222,1
250503,-2.6389694,3.0979206,9.064287,1
250606,-2.6389694,2.944937,9.370254,1
250707,-2.9066908,3.67160984,9.332008,1
250810,-2.294756,4.130561,9.064287,1
250912,-1.8740508,5.0102176,9.943943,1
251015,0.26772156,6.96076,6.4635636,1
251117,1.2238699,9.064287,4.245299,0
251219,-0.49719716,7.34321968,0.038245936,0
251322,0.26772156,9.4085,-3.1744128,0
251423,-1.4915914,6.0428576,-4.9337252,0
251526,-2.1800182,-4.818988,-9.905697,0
251628,-9.064287,-19.581918,19.543672,0
251731,-1.75931316,-2.0652804,13.653799,0
251833,0.0,0.34421344,4.4365288,0
251936,-1.0708862,3.67160984,5.6221524,1
252038,-1.95054268,4.7807416,9.561483,1
252141,-1.185624,4.2070528,7.5344492,1
252243,-1.4533454,3.7481016,7.9169084,1
252345,-1.2238699,0.34421344,7.19023536,1
252448,-3.40388832,-4.3600364,10.517632,1
252551,-1.4915914,-5.889874,10.63237,1
252653,-2.5242316,-5.6221524,10.555878,1
252755,-4.551266,-5.889874,9.102532,1
252858,-3.2126584,-4.3600364,9.332008,1
252960,-3.7863476,-5.6603984,9.637976,1
253063,-2.6389694,-1.9122966,11.703256,1
253165,-3.2126584,-0.9561483,9.293762,1
253267,-1.2621158,1.9887886,7.4962032,1
253370,1.6828212,2.983183,7.5344492,1
253472,4.4747744,3.9393312,6.9225144,1
253575,3.9775772,1.5680834,6.1958412,1
253677,5.5456604,-1.2621158,5.3544308,1
253780,5.5456604,-3.3656424,11.01483,1
253881,6.2723336,-3.2126584,8.987795,1
253984,5.6221524,-3.7481016,7.34321968,1
254085,4.015823,-3.70985568,6.540055,1
254188,3.48038,-2.7919534,8.069892,1
254290,3.40388832,-4.4365288,7.113744,1
254391,2.7154612,-6.7695304,7.6491864,1
254494,1.9122966,-7.45795736,7.687433,1
254595,2.6389694,-7.84041636,8.643581,1
254698,3.0979206,-6.5018088,10.900091,1
254800,2.5624778,-5.392677,8.261122,1
254903,1.3768537,-4.551266,8.299368,1
255005,1.5298374,-4.015823,7.687433,1
255108,3.44213416,-4.168807,9.102532,1
255210,1.83580492,-4.2070528,7.8786624,1
255313,2.5242316,-4.8954796,8.261122,1
255415,2.5242316,-4.818988,9.4085,1
255516,1.75931316,-5.4691688,8.299368,1
255619,2.294756,-4.7807416,8.261122,1
255721,2.5624778,-5.2396928,8.37586,1
255824,2.7154612,-4.8954796,7.3814652,1
255926,2.5242316,-4.3600364,8.069892,1
256028,2.7537074,-4.015823,9.102532,1
256131,2.7537074,-3.9393312,9.064287,1
256232,2.333002,-4.3600364,8.834811,1
256335,2.371248,-4.3600364,9.064287,1
256437,2.6007238,-4.245299,8.605335,1
256540,2.4859858,-4.3600364,8.528844,1
256642,2.4859858,-4.3982824,8.605335,1
256744,2.6007238,-4.3600364,8.490598,1
256847,2.8684452,-4.245299,8.337614,1
256949,2.333002,-4.283545,8.299368,1
257052,2.5242316,-4.3600364,8.987795,1
257154,2.8301992,-4.3600364,7.9551544,1
257256,2.0270346,-4.818988,8.18463,1
257359,1.95054268,-4.627758,8.911303,1
257460,1.95054268,-4.551266,9.064287,1
257563,2.1035264,-4.70425,9.064287,1
257665,2.333002,-4.742496,8.56709,1
257767,2.5624778,-4.7807416,7.8786624,1
257870,2.9066908,-5.2396928,7.9169084,1
257972,2.6389694,-4.9337252,8.108138,1
258075,2.371248,-4.9719716,8.337614,1
258177,2.5242316,-4.4365288,8.681828,1
258280,2.0652804,-4.9719716,8.758319,1
258382,2.0652804,-4.818988,8.987795,1
258484,2.1800182,-5.0867096,8.261122,1
258587,2.5624778,-4.9719716,8.146384,1
258688,2.6772154,-4.818988,8.261122,1
258791,2.2182644,-4.857234,8.261122,1
258893,2.294756,-4.742496,8.528844,1
258995,2.371248,-4.589512,8.605335,1
259098,2.1035264,-4.5130204,8.37586,1
259200,2.0652804,-4.742496,8.528844,1
259303,2.4477398,-4.742496,8.796565,1
259405,2.7919534,-4.818988,8.681828,1
259506,2.294756,-4.627758,8.796565,1
259609,1.4915914,-4.3217908,10.326403,1
259711,0.65018092,-4.3217908,10.288156,1
259814,-0.038245936,-2.8684452,11.817993,1
259916,-0.4207053,-1.3003619,9.026041,1
260019,-0.49719716,0.34421344,8.911303,1
260121,-1.3768537,1.6828212,8.720073,1
260223,-1.95054268,2.7919534,8.796565,1
260326,-2.294756,3.1744128,8.949549,1
260427,-1.3386077,5.0102176,9.446746,1
260530,0.7649187,6.6930384,7.19023536,0
260632,0.9943943,7.5344492,6.8460224,0
260735,1.95054268,7.3814652,3.44213416,0
260837,2.409494,6.3488256,-0.49719716,0
260940,-0.45895124,-1.72106708,-11.856239,0
261042,4.3982824,-10.249911,0.7649187,0
261145,-9.4085,-19.581918,19.543672,0
261247,-1.4533454,-1.2238699,8.873057,0
261349,-2.1800182,4.9719716,8.873057,0
261452,-1.72106708,6.540055,6.540055,0
261554,-2.333002,3.2509044,-2.5624778,0
261657,-0.573689,5.3544308,-3.2126584,0
261759,-0.9943943,5.4691688,1.2621158,1
261862,-5.1249556,0.26772156,8.796565,1
261964,-3.1744128,-2.7537074,9.102532,1
262067,-2.8301992,-5.851628,10.096927,1
262169,-3.9393312,-7.687433,15.1453908,1
262272,-2.5242316,-6.8460224,17.13418,1
262374,-0.07649187,-0.191229668,10.7471068,1
262477,-2.7919534,-1.0708862,8.108138,1
262579,-3.2509044,0.8031646,6.0046116,1
262681,-0.9943943,0.15298374,7.687433,1
262784,-2.8684452,2.0652804,8.069892,1
262885,-1.147378,6.654793,8.299368,1
262988,-0.07649187,6.5783004,7.228482,1
263090,-1.3003619,5.2014476,8.796565,1
263193,-0.11473781,5.3544308,8.108138,1
263295,0.15298374,5.316185,7.6491864,1
263397,0.038245936,4.054069,8.720073,1
263500,-2.0652804,5.5456604,10.173419,1
263602,0.11473781,8.834811,6.9225144,1
263705,0.49719716,2.6772154,12.315191,1
263806,4.3217908,1.72106708,7.1519896,1
263909,4.130561,4.666004,6.7312848,1
264010,1.5680834,2.1035264,8.949549,1
264113,0.61193496,3.67160984,7.6491864,1
264215,-0.5354431,3.0979206,11.01483,1
264318,0.34421344,4.4365288,9.637976,1
264420,-0.45895124,3.9775772,9.446746,1
264523,-0.573689,4.5130204,8.796565,1
264625,-3.9393312,1.9122966,7.80217068,1
264728,-4.9719716,2.5242316,9.370254,1
264830,-6.3488256,1.2621158,7.687433,1
264932,-10.8236,1.2238699,7.9169084,1
265035,-9.179024,1.4533454,4.3600364,1
265136,-10.173419,1.2621158,2.333002,1
265239,-9.714468,-0.9943943,3.90108536,1
265340,-9.4085,-1.3386077,6.9990068,1
265443,-5.7368904,-1.3768537,8.949549,1
265545,-2.5624778,-3.40388832,12.276945,1
265648,0.9561483,-2.1035264,10.441141,1
265749,4.742496,-1.185624,8.949549,1
265852,5.2014476,-0.382459336,7.03725236,1
265953,5.0102176,0.87965656,5.4309224,1
266056,6.9990068,0.34421344,3.67160984,1
266157,4.3217908,2.9066908,1.75931316,1
266260,10.555878,0.65018092,2.0652804,1
266362,11.779748,2.5624778,1.83580492,1
266465,9.064287,2.1417724,-0.5354431,1
266567,8.222876,1.2621158,-2.7154612,1
266670,8.222876,1.5298374,-4.2070528,1
266771,7.5344492,2.7154612,-5.0484632,1
266874,6.540055,2.6389694,-5.277939,1
266976,6.3870708,2.6389694,-6.425317,1
267079,6.2340876,2.8684452,-6.2340876,1
267181,5.5839068,2.983183,-7.228482,1
267283,4.589512,3.59511768,-7.3049736,1
267386,5.0867096,4.4365288,-6.8460224,1
267488,4.818988,5.1632012,-7.7639248,1
267591,3.7863476,5.2014476,-8.337614,1
267692,3.67160984,5.966366,-7.26672736,1
267795,1.95054268,6.5018088,-6.8460224,1
267897,0.61193496,6.9990068,-6.540055,1
268000,0.9943943,7.7639248,-5.2014476,1
268102,0.9943943,8.031646,-5.316185,1
268205,1.1091322,8.56709,-4.857234,1
268307,0.65018092,9.484992,-2.983183,1
268409,0.68842684,9.21727,-1.2621158,1
268512,0.07649187,8.796565,-2.1035264,1
268613,-1.75931316,8.796565,-2.7537074,1
268716,-1.4150996,8.796565,-3.9393312,1
268817,-1.3386077,8.261122,-4.589512,1
268920,-1.185624,6.8460224,-6.9225144,1
269022,-1.72106708,5.9281196,-8.414105,1
269125,-1.72106708,5.0484632,-7.19023536,1
269226,-2.5624778,4.168807,-8.299368,1
269329,-3.0596748,3.67160984,-8.949549,1
269431,-3.556872,3.1361668,-8.873057,1
269534,-3.2891502,2.0270346,-9.140779,1
269636,-1.83580492,0.91790248,-8.911303,1
269739,-0.9943943,0.15298374,-9.867451,1
269841,2.1417724,-0.382459336,-10.861845,1
269944,5.0867096,0.22947562,-10.441141,1
270046,4.9337252,2.6389694,-4.666004,1
270148,5.5456604,4.130561,-3.67160984,1
270251,5.6221524,5.966366,0.9943943,1
270353,6.0046116,5.6221524,4.742496,1
270456,3.63336368,5.1249556,7.5726952,1
270558,1.6063292,4.130561,8.299368,1
270661,-0.34421344,2.1035264,9.714468,1
270763,-3.59511768,1.147378,10.173419,1
270866,-3.67160984,1.4533454,8.796565,1
270968,-6.6930384,0.4207053,8.873057,1
271071,-6.8460224,1.4915914,7.9551544,1
271173,-7.9934008,0.15298374,6.9225144,1
271276,-7.9551544,0.573689,7.6109416,1
271378,-7.4962032,0.49719716,6.654793,1
271480,-10.0586816,0.573689,2.371248,1
271583,-10.096927,1.3386077,2.294756,1
271684,-10.8236,1.9887886,-4.168807,1
271787,-9.370254,3.3273964,-3.8628396,1
271889,-8.758319,3.2126584,-3.0979206,1
271992,-9.523238,4.818988,-1.8740508,1
272094,-6.4635636,6.3488256,0.4207053,1
272196,-6.6165468,7.1519896,3.63336368,1
272299,-5.2014476,8.031646,7.03725236,1
272401,-3.8628396,5.5839068,7.687433,1
272504,-4.168807,5.507415,8.18463,1
272606,-4.054069,5.0484632,6.5018088,1
272709,-4.054069,6.425317,5.507415,1
272811,-1.83580492,5.7368904,5.1249556,1
272914,-2.0270346,4.9337252,5.966366,1
273016,-7.6491864,3.2891502,9.8292056,1
273118,-6.540055,2.6772154,11.320797,1
273221,-6.80777636,4.168807,8.643581,1
273323,-6.0046116,4.168807,8.949549,1
273426,-5.9281196,5.316185,8.299368,1
273528,-4.818988,8.337614,7.228482,1
273631,-2.371248,8.490598,3.67160984,0
273733,-1.3386077,7.80217068,1.0708862,0
273836,-0.07649187,7.7256792,-3.3273964,0
273938,0.30596748,-0.61193496,-11.703256,0
274040,3.8245932,-7.19023536,-5.7751364,0
274143,-19.581918,-7.45795736,19.543672,0
274246,-2.5624778,-2.1800182,8.56709,0
274348,-0.61193496,3.59511768,3.2891502,0
274451,-2.1800182,4.4365288,2.7919534,1
274553,-2.7154612,5.0867096,0.30596748,1
274656,-4.168807,3.2509044,2.0270346,1
274758,-7.3049736,0.038245936,2.944937,1
274860,-8.56709,0.07649187,10.900091,1
274963,-7.5726952,0.65018092,15.336619,1
275064,-4.551266,2.2182644,12.276945,1
275167,-2.0652804,1.3386077,8.987795,1
275268,9.790959,1.147378,11.01483,1
275371,5.1632012,2.7154612,6.96076,1
275473,3.7481016,-0.49719716,7.687433,1
275576,2.7919534,3.2891502,7.8786624,1
275678,3.3273964,2.2182644,8.261122,1
275780,2.294756,1.1091322,9.790959,1
275883,2.5242316,1.5680834,8.222876,1
275985,1.9887886,0.68842684,5.851628,0
276088,1.2621158,-2.1800182,9.8292056,0
276190,4.818988,-4.7807416,19.543672,0
276293,2.0652804,-7.8786624,19.543672,0
276395,-0.65018092,-5.5456604,-1.3768537,0
276498,2.1035264,-1.4915914,-9.8292056,0
276600,-1.6828212,-0.07649187,-4.5130204,0
276703,-7.0754976,4.666004,19.543672,0
276805,3.2509044,6.0428576,13.08011,0
276907,-0.61193496,2.1417724,7.41971136,1
277010,-2.7919534,2.9066908,8.720073,1
277112,-2.0652804,3.51862632,11.053075,1
277215,-1.0708862,3.67160984,10.096927,1
277318,-0.573689,3.63336368,9.8292056,1
277420,0.038245936,3.48038,10.173419,1
277522,-0.07649187,3.59511768,9.676222,1
277625,0.15298374,3.70985568,8.56709,1
277727,-0.07649187,4.130561,8.37586,1
277830,0.11473781,4.5130204,8.490598,1
277932,-0.11473781,4.8954796,8.758319,1
278035,0.0,4.666004,9.332008,1
278137,0.34421344,4.3982824,9.026041,1
278239,0.11473781,4.589512,9.102532,1
278342,-0.4207053,4.8954796,8.911303,1
278444,-1.4533454,5.316185,8.758319,1
278547,-2.7154612,5.3544308,7.7256792,1
278649,-3.7863476,5.507415,7.5726952,1
278751,-4.627758,5.277939,6.9990068,1
278854,-5.392677,5.1632012,7.19023536,1
278955,-6.081104,5.2014476,7.9551544,0
279058,-7.9169084,5.1632012,6.425317,0
279159,-6.0046116,4.130561,7.7256792,0
279262,3.8245932,-7.41971136,13.003617,0
279363,13.92152,-10.441141,12.315191,0
279466,8.337614,-11.091321,5.507415,0
279567,-12.123961,3.67160984,5.7368904,0
279670,-5.277939,6.7312848,9.790959,0
279771,1.6063292,4.4365288,10.402895,1
279874,1.9122966,4.666004,8.490598,1
279975,2.5242316,3.2509044,7.34321968,1
280078,2.294756,2.7919534,6.7695304,1
280179,1.95054268,2.0270346,7.8786624,1
280282,-1.95054268,2.4859858,10.0586816,1
280385,-6.3105792,3.2509044,10.8236,1
280487,-7.26672736,2.7154612,9.484992,1
280589,-5.7751364,1.6445751,8.528844,1
280692,-5.316185,1.9887886,9.332008,1
280793,-4.245299,1.6828212,8.758319,1
280896,-3.2891502,1.8740508,8.911303,1
280998,-3.1744128,2.5242316,9.446746,1
281101,-3.556872,3.40388832,9.561483,1
281203,-3.2891502,4.168807,10.364649,1
281306,1.75931316,2.7154612,7.8786624,1
281408,4.4747744,2.0652804,7.03725236,1
281511,5.6221524,1.83580492,6.88426836,1
281612,4.627758,2.5624778,7.26672736,1
281715,3.9393312,2.8684452,8.56709,1
281817,2.944937,3.2891502,11.167813,1
281920,3.59511768,3.48038,10.249911,1
282022,3.63336368,3.0979206,9.293762,1
282125,2.7154612,4.283545,8.146384,1
282227,2.6389694,5.889874,7.6109416,1
282329,2.7154612,5.889874,6.5783004,1
282432,1.6828212,6.5018088,5.5839068,1
282534,1.6063292,6.0046116,5.6603984,1
282637,1.4915914,5.7368904,7.4962032,1
282738,1.9887886,5.966366,9.332008,1
282841,2.1800182,5.392677,8.643581,1
282943,1.147378,5.5839068,8.452352,1
283045,1.0326402,5.507415,8.222876,1
283148,0.9561483,5.316185,8.528844,1
283250,1.147378,5.316185,8.146384,1
283353,1.6445751,5.507415,7.9934008,1
283455,0.49719716,5.3544308,7.9551544,1
283557,0.87965656,5.7751364,9.102532,1
283660,1.185624,5.2396928,9.026041,1
283761,0.7266727,5.5456604,8.796565,1
283864,0.382459336,6.0046116,8.720073,1
283965,0.91790248,5.6221524,7.9169084,1
284068,0.15298374,5.0484632,6.88426836,1
284170,0.87965656,6.7312848,5.4309224,1
284273,-1.1091322,4.3217908,11.167813,1
284375,2.294756,6.5783004,9.561483,1
284478,2.2182644,6.5018088,7.8786624,1
284579,3.3273964,6.3105792,6.3105792,1
284682,0.8414106,6.3105792,5.6603984,1
284783,-2.371248,6.2723336,4.666004,1
284886,-1.2238699,3.3656424,8.069892,1
284988,1.0708862,2.1800182,8.414105,1
285091,4.3600364,0.65018092,8.987795,1
285193,-1.3768537,0.382459336,10.135173,1
285296,-2.7154612,1.4150996,9.370254,1
285398,-2.4859858,0.91790248,9.790959,1
285501,-1.8740508,0.15298374,8.643581,1
285603,-3.44213416,1.0326402,12.353437,1
285706,-1.72106708,1.0708862,9.064287,1
285808,-0.7649187,-0.07649187,10.441141,1
285911,-1.2621158,0.07649187,9.905697,1
286012,-1.3003619,0.07649187,9.982189,1
286114,-1.3003619,0.07649187,9.943943,1
286216,-1.3003619,0.038245936,9.982189,1
286318,-1.3003619,0.07649187,9.982189,1
286420,-1.2621158,0.07649187,9.943943,1
286522,-1.2621158,0.038245936,9.982189,1
286624,-1.2621158,0.07649187,9.982189,1
286726,-1.2621158,0.038245936,9.943943,1
286828,-1.2621158,0.07649187,10.020435,1
286930,-1.3003619,0.07649187,9.943943,1
287032,-1.3003619,0.07649187,9.982189,1
287134,-1.2621158,0.07649187,9.982189,1
287236,-1.2238699,0.07649187,9.982189,1
287338,-1.2621158,0.038245936,9.943943,1
287440,-1.3386077,0.07649187,10.096927,1
287542,-1.3386077,0.038245936,10.096927,1
287644,-1.2621158,0.038245936,9.982189,1
287746,-1.2621158,0.11473781,9.943943,1
287848,-1.2621158,0.07649187,9.943943,1
287950,-1.3003619,0.07649187,10.0586816,1
288052,-1.2621158,0.07649187,10.020435,1
288154,-1.3003619,0.038245936,9.943943,1
288256,-1.3003619,0.11473781,9.982189,1
288358,-1.2238699,0.07649187,9.943943,1
288460,-1.2621158,0.038245936,9.943943,1
288562,-1.2621158,0.07649187,9.982189,1
288664,-1.2621158,0.07649187,9.982189,1
288766,-1.2621158,0.038245936,9.982189,1
288868,-1.2621158,0.07649187,9.982189,1
288970,-1.2621158,0.07649187,9.982189,1
289072,-1.3003619,0.038245936,9.943943,1
289174,-1.2238699,0.07649187,9.905697,1
289276,-1.3386077,0.07649187,9.982189,1
289378,-1.2238699,0.07649187,9.943943,1
289480,-1.3003619,0.038245936,9.943943,1
289582,-1.2621158,0.07649187,9.982189,1
289684,-1.3003619,0.038245936,9.982189,1
289786,-1.2621158,0.07649187,9.982189,1
289888,-1.3003619,0.07649187,9.905697,1
289990,-1.2621158,0.07649187,9.982189,1
290092,-1.3003619,0.038245936,9.982189,1
290194,-1.2621158,0.07649187,9.982189,1
290296,-1.2621158,0.07649187,9.982189,1
290398,-1.2238699,0.07649187,9.982189,1
290500,-1.3003619,0.07649187,9.943943,1
290602,-1.2238699,0.038245936,10.020435,1
290704,-1.2621158,0.07649187,9.943943,1
290806,-1.2238699,0.038245936,9.943943,1
290908,-1.3003619,0.038245936,9.943943,1
291010,-1.2621158,0.07649187,9.982189,1
291112,-1.3003619,0.11473781,9.982189,1
291214,-1.2238699,0.038245936,9.982189,1
291316,-1.2621158,0.07649187,9.982189,1
291418,-1.2621158,0.07649187,9.943943,1
291520,-1.2621158,0.07649187,9.982189,1
291622,-1.2621158,0.07649187,9.982189,1
291724,-1.2621158,0.11473781,9.982189,1
291826,-1.3003619,0.07649187,9.982189,1
291928,-1.2621158,0.07649187,9.943943,1
292030,-1.2621158,0.038245936,9.982189,1
292132,-1.2621158,0.07649187,9.943943,1
292234,-1.2621158,0.07649187,9.943943,1
292336,-1.2621158,0.07649187,9.943943,1
292438,-1.2621158,0.07649187,9.982189,1
292540,-1.2621158,0.038245936,9.982189,1
292642,-1.2621158,0.07649187,9.982189,1
292744,-1.2238699,0.07649187,9.982189,1
292846,-1.2621158,0.07649187,9.943943,1
292948,-1.2621158,0.07649187,9.982189,1
293050,-1.2621158,0.07649187,9.982189,1
293152,-1.2621158,0.07649187,9.943943,1
293254,-1.2621158,0.038245936,9.982189,1
293356,-1.2621158,0.07649187,9.982189,1
293458,-1.2621158,0.038245936,9.982189,1
293560,-1.2621158,0.07649187,9.982189,1
293662,-1.3003619,0.07649187,9.982189,1
293764,-1.2621158,0.07649187,9.943943,1
293866,-1.3003619,0.07649187,9.943943,1
293968,-1.2621158,0.07649187,10.020435,1
294070,-1.2621158,0.07649187,9.982189,1
294172,-1.2621158,0.038245936,9.943943,1
294274,-1.3003619,0.038245936,9.943943,1
294376,-1.2621158,0.07649187,9.982189,1
294478,-1.3003619,0.07649187,9.982189,1
294580,-1.2621158,0.07649187,10.020435,1
294682,-1.2621158,0.07649187,9.943943,1
294784,-1.3003619,0.07649187,9.982189,1
294886,-1.2621158,0.038245936,9.943943,1
294988,-1.2621158,0.07649187,9.943943,1
295090,-1.2621158,0.07649187,9.982189,1
295192,-1.2621158,0.07649187,9.943943,1
295294,-1.2238699,0.07649187,9.982189,1
295396,-1.2621158,0.038245936,9.982189,1
295498,-1.2621158,0.07649187,9.982189,1
295600,-1.2621158,0.038245936,9.943943,1
295702,-1.3003619,0.038245936,9.982189,1
295804,-1.3003619,0.07649187,10.020435,1
295906,-1.2621158,0.07649187,9.982189,1
296008,-1.2621158,0.07649187,9.982189,1
296110,-1.2621158,0.07649187,9.982189,1
296212,-1.2621158,0.07649187,9.943943,1
296314,-1.3003619,0.038245936,10.096927,1
296416,-1.3003619,0.038245936,9.943943,1
296518,-1.3003619,0.038245936,9.943943,1
296620,-1.3003619,0.038245936,9.943943,1
296722,-1.2621158,0.11473781,10.0586816,1
296824,-1.2621158,0.07649187,9.943943,1
296926,-1.2621158,0.038245936,9.982189,1
297028,-1.2238699,0.07649187,9.905697,1
297130,-2.8301992,-0.68842684,10.900091,1
297232,-0.68842684,1.185624,11.397289,1
297334,5.1249556,0.038245936,11.01483,1
297436,5.6986448,-0.4207053,7.9169084,1
297538,2.371248,2.5624778,6.4635636,1
297640,-1.3386077,3.2509044,6.7695304,1
297742,-3.59511768,4.168807,9.446746,1
297844,-3.2509044,2.6007238,9.484992,1
297946,-3.2509044,4.4747744,8.720073,1
298048,-3.51862632,3.2509044,8.18463,1
298150,-4.4365288,4.666004,10.555878,1
298252,-3.3273964,4.857234,10.135173,1
298354,-0.8414106,5.392677,9.102532,1
298456,0.5354431,5.0102176,9.637976,1
298558,2.2182644,6.7312848,9.905697,1
298660,3.90108536,8.37586,6.7695304,1
298762,0.382459336,8.031646,2.0652804,1
298864,-0.9561483,9.140779,-1.4915914,1
298966,-6.1575956,4.283545,-3.44213416,1
299068,-11.167813,-7.687433,-7.41971136,0
299170,15.489603,-12.812387,8.146384,0
299272,19.543672,-6.5783004,11.167813,0
299374,17.822606,-1.72106708,8.911303,0
299476,12.850634,-1.2621158,6.654793,0
299578,4.130561,1.9887886,0.038245936,0
299680,7.228482,5.0484632,5.851628,0
299782,-0.4207053,3.70985568,0.8031646,0
299884,-10.173419,3.2891502,-5.0484632,1
299986,-4.3600364,9.867451,-1.4533454,1
300088,-2.1417724,11.167813,-1.147378,1
300190,-2.333002,7.9551544,-2.1417724,1
300292,-3.1361668,3.67160984,1.0708862,1
300394,-0.22947562,0.5354431,7.3814652,1
300496,0.4207053,-0.9943943,14.571701,1
300598,0.8414106,-0.49719716,15.374866,1
300700,0.7649187,-0.8031646,17.057688,1
300802,0.61193496,-0.382459336,10.096927,1
300904,0.68842684,-1.3768537,8.108138,1
301006,-0.45895124,-3.7863476,10.938337,1
301108,0.61193496,-2.0652804,11.01483,1
301210,0.15298374,-1.79755884,9.370254,1
301312,-0.34421344,-2.1035264,9.59973,1
301414,-0.26772156,-2.333002,9.637976,1
301516,-0.382459336,-2.6772154,9.790959,1
301618,-0.191229668,-2.5242316,9.446746,1
301720,0.34421344,-2.6007238,10.326403,1
301822,0.26772156,-2.2182644,11.129567,1
301924,0.30596748,-1.0708862,15.336619,1
302026,2.6389694,0.45895124,19.543672,0
302128,4.092315,-1.147378,5.851628,0
302230,-0.34421344,-7.113744,-12.468175,0
302332,-1.185624,1.0708862,-6.9990068,0
302434,3.1361668,-1.4533454,-6.425317,0
302536,-2.0652804,13.271339,19.543672,0
302638,0.45895124,8.605335,1.9122966,1
302740,0.30596748,9.026041,4.8954796,0
302842,-1.3003619,7.4962032,3.2509044,1
302944,-4.627758,5.4691688,10.135173,1
303046,-2.9066908,5.5839068,8.56709,1
303148,-1.83580492,6.1193496,8.452352,1
303250,-1.147378,4.283545,10.173419,1
303352,2.7919534,3.63336368,10.900091,1
303454,0.9561483,4.666004,5.507415,1
303556,-1.1091322,7.5344492,5.2396928,1
303658,3.1744128,4.818988,6.9225144,1
303760,2.1417724,4.092315,6.540055,1
303862,2.6007238,2.4477398,9.59973,1
303964,-1.9887886,0.382459336,11.359043,1
304066,-1.4533454,-0.7266727,7.687433,1
304168,-1.1091322,-0.45895124,10.096927,1
304270,-1.185624,-0.34421344,10.670615,1
304372,-1.2238699,-1.3003619,10.020435,1
304474,-1.6828212,-0.9561483,9.790959,1
304576,-1.5680834,-0.34421344,9.8292056,1
