941866,-0.016357422,1.0744629,0.70654296,1
941966,0.609375,0.8659668,-0.26049804,1
942067,0.39526368,0.64453124,-0.049316408,1
942168,1.190918,0.5,0.23461914,1
942269,0.5998535,0.4975586,0.336425784,1
942370,0.27905272,0.7841797,0.07080078,1
942471,0.3395996,1.019043,-0.12866211,1
942572,0.0014648438,0.8869629,-0.13891602,1
942673,0.06762695,1.097168,-0.239257808,1
942774,-0.0043945312,1.0073242,-0.17358398,1
942875,0.03173828,1.0002442,-0.221923824,1
942976,-0.10522461,0.9797363,-0.15234375,1
943077,0.05834961,0.998291,-0.13647461,1
943178,0.2434082,0.9926758,-0.07348633,1
943279,0.2849121,0.9616699,0.03173828,1
943380,0.199951168,0.96850584,0.043701172,1
943481,0.17089844,0.97387692,0.028076172,1
943582,0.12060547,0.9580078,0.001953125,1
943683,0.16210938,1.003418,-0.040283204,1
943784,0.12890625,0.9995117,-0.020751954,1
943885,-0.16918946,0.9951172,-0.031982422,1
943986,-0.16967774,0.86157224,0.0554199232,0
944087,-0.06518555,1.0412598,-0.12353516,0
944188,-0.462402336,-2.0,0.9387207,0
944289,0.27514648,0.7194824,-0.107421868,0
944390,0.76782224,0.3659668,0.10205078,1
944491,0.688964836,0.58081052,0.041992188,1
944592,0.8486328,0.399414036,0.08862305,1
944693,0.96850584,0.5061035,0.055664064,1
944794,0.7873535,0.6047363,-0.017333984,1
944895,0.7824707,0.52612304,-0.037353516,1
944996,0.52978516,0.61621092,0.29663086,1
945097,1.0444336,0.63427732,0.10620117,1
945198,0.81518552,0.42749024,0.22094726,1
945299,0.8659668,0.53149416,0.1862793,1
945400,0.8054199,0.58569336,0.14233398,1
945501,0.79711912,0.58862304,0.1171875,1
945602,0.842285168,0.5559082,0.17797852,1
945703,1.0095215,0.54589844,0.1887207,1
945804,0.689209,0.7890625,-0.0075683592,1
945905,0.44311524,0.8391113,0.037109376,1
946006,0.374267568,0.940917936,-0.0078125,1
946107,0.25195312,0.925781264,0.044677736,1
946208,0.06616211,0.9279785,0.0703125,1
946309,0.03540039,0.94873048,0.068115232,1
946410,0.06567383,0.974365264,0.057617188,1
946511,-0.10424805,0.9868164,0.0053710936,1
946612,-0.20532226,0.97387692,-0.07324219,1
946713,-0.21948242,0.9589844,-0.061279296,1
946814,-0.46655272,0.8769531,-0.048095704,0
946915,-0.63842776,0.690917936,-0.07128906,0
947016,1.999939,-2.0,1.5229492,0
947117,-0.056884764,0.529541,0.40283204,0
947218,0.71655272,0.396484384,0.4729004,0
947319,0.70458984,0.4609375,0.452392568,1
947420,0.77124024,0.399414036,0.406494136,1
947521,0.7375488,0.5332031,0.29760742,1
947622,0.7397461,0.5900879,0.10083008,1
947723,0.50341796,0.5024414,0.41064452,1
947824,1.2141113,0.6442871,0.1184082,1
947925,0.72216797,0.5239258,0.21704102,1
948026,0.782714836,0.5090332,0.168212892,1
948127,0.8701172,0.58325196,0.09057617,1
948228,0.8391113,0.5600586,0.13964844,1
948329,0.8125,0.52075196,0.1850586,1
948430,0.809082036,0.55029296,0.122802732,1
948531,0.8442383,0.5358887,0.1381836,1
948632,0.78564456,0.5895996,0.13574219,1
948733,0.8339844,0.63134768,0.06665039,1
948834,0.7504883,0.65844724,0.0795898436,1
948935,0.7036133,0.62524416,0.12597656,1
949036,0.78637692,0.62231448,0.09375,1
949137,0.7336426,0.6904297,0.05810547,1
949238,0.78564456,0.59521484,0.12866211,1
949339,0.8522949,0.5600586,0.13012696,0
949440,1.999939,0.5949707,-0.15234375,0
949541,-1.3513184,0.022460938,0.09423828,0
949642,-0.54003908,0.7429199,-0.036865236,0
949743,-0.26538086,0.809082036,-0.118896488,1
949844,-0.19360352,0.8918457,0.034179688,1
949945,-0.2680664,1.0078125,-0.03100586,1
950046,-0.29077148,1.0258789,-0.068847656,1
950147,-0.19580078,0.8964844,-0.0107421868,1
950248,-0.037597656,1.0075684,-0.06323242,1
950349,0.18823242,1.0388184,-0.03466797,1
950450,0.3720703,0.729248036,0.15356446,1
950551,0.15454102,1.1169434,-0.09887695,1
950652,0.1730957,1.1203613,-0.25878906,1
950753,0.14135742,0.87475584,-0.047851564,1
950854,0.25976562,1.0507812,-0.1550293,1
950955,0.2006836,1.0510254,-0.03100586,1
951056,0.17089844,1.0,-0.0126953128,1
951157,0.056152344,0.982666,0.025878906,1
951258,0.08251953,0.94189452,0.06274414,1
951359,0.11425781,1.0256348,-0.001953125,1
951460,0.0922851568,0.9807129,0.037353516,1
951561,0.06713867,0.97265624,0.048828124,1
951662,0.06298828,1.0310058,0.053710936,1
951763,0.07006836,0.9880371,0.06689453,1
951864,0.040039064,0.9506836,0.1262207,1
951965,0.08300781,0.974365264,0.0766601536,1
952066,0.052978516,1.0241699,0.09326172,1
952167,0.015625,0.93310544,0.13891602,0
952268,-0.17773438,0.5529785,0.45629884,0
952369,1.6264648,-0.7260742,-2.0,0
952470,0.86621096,0.32495116,-1.1040039,0
952571,0.38305664,0.56591796,-0.8395996,1
952672,0.25097656,0.5354004,-0.6765137,1
952773,0.30322266,0.6940918,-0.671875,1
952874,0.40356444,0.8671875,-0.6765137,1
952975,0.40307616,0.71655272,-0.5073242,1
953076,0.3413086,0.73291016,-0.4609375,1
953177,0.3515625,0.86987304,-0.47583008,1
953278,0.35498048,0.878417968,-0.5402832,1
953379,0.4309082,0.8388672,-0.51708984,1
953480,0.31884766,1.0693359,-0.5559082,1
953581,0.6015625,0.746582036,-0.109375,1
953682,0.7363281,0.5349121,0.17871094,1
953783,0.82836916,0.46875,0.37036132,1
953884,0.5395508,0.1628418,0.7548828,1
953985,0.53686524,0.045654296,0.8317871,1
954086,0.60668948,0.075927736,0.78930664,1
954187,0.7807617,0.16088867,0.7348633,1
954288,0.9614258,0.37719728,0.2199707,1
954389,0.97265624,0.4038086,0.07519531,1
954490,0.5878906,0.7751465,0.3269043,1
954591,0.75268552,0.8659668,-0.053466796,1
954692,0.93847656,0.8613281,-0.2536621,1
954793,0.3691406,1.0227051,-0.0234375,1
954894,0.54174804,0.8364258,-0.15820312,1
954995,0.59936524,0.7167969,-0.215576176,1
955096,0.47583008,1.0153808,-0.13867188,1
955197,0.359375,0.9099121,-0.33569336,1
955298,0.15649414,0.8547363,-0.46826172,1
955399,0.018798828,0.8684082,-0.29492188,1
955500,0.03857422,0.88623048,-0.6296387,1
955601,0.07763672,0.89990232,-0.54711916,1
955702,0.088378904,0.9238281,-0.12988281,1
955803,-0.29003906,1.0046387,-0.7138672,1
955904,0.1640625,0.9157715,-0.1809082,1
956005,0.35888672,0.9946289,0.048583984,1
956106,0.3808594,0.923584,0.036376952,1
956207,0.5107422,0.9128418,0.15917969,1
956308,0.3317871,0.8234863,-0.017822266,1
956409,-0.022705078,0.9194336,0.06542969,1
956510,-0.17456054,0.6442871,0.18652344,1
956611,1.999939,-2.0,0.11694336,0
956712,0.9946289,-0.17163086,0.4802246,0
956813,1.151123,0.09082031,0.37036132,1
956914,0.82836916,0.3984375,0.18017578,1
957015,0.769531236,0.5744629,0.1484375,1
957116,0.8137207,0.6447754,0.13354492,1
957217,0.60961916,0.7324219,0.12597656,1
957318,0.40234376,0.86987304,0.13183594,1
957419,0.18481446,0.8718262,0.07519531,1
957520,-0.008300781,0.84277348,0.12402344,1
957621,0.29101562,1.286377,-0.14794922,1
957722,0.58496092,0.6320801,-0.07714844,1
957823,1.4560547,-0.43359376,-0.0053710936,1
957924,1.0505371,-0.20458984,-0.14160156,1
958025,0.7546387,0.18701172,-0.20483398,1
958126,0.9499512,0.051757812,-0.17456054,1
958227,1.5793457,-0.060546876,-0.7680664,1
958328,0.79418948,0.028076172,-0.3564453,1
958429,0.6791992,-0.1640625,-0.27783204,1
958530,1.999939,-0.5749512,1.999939,1
958631,1.0039062,-0.033447264,0.07714844,1
958732,1.012207,-0.028076172,0.059814452,1
958833,1.0039062,-0.02319336,0.06762695,1
958934,1.0119629,-0.0253906252,0.053466796,1
959035,1.0056152,-0.024658204,0.064453124,1
959136,1.0090332,-0.025146484,0.056884764,1
959237,1.0036621,-0.02368164,0.057861328,1
959338,1.0080566,-0.024658204,0.064941408,1
959439,1.0065918,-0.025634766,0.0617675768,1
959540,1.0058594,-0.026611328,0.059814452,1
959641,1.0087891,-0.02368164,0.0546875,1
959742,1.0136719,-0.022460938,0.053222656,1
959843,1.010498,-0.02319336,0.055664064,1
959944,1.0085449,-0.029296875,0.060302736,1
960045,1.0092774,-0.025634766,0.057128908,1
960146,1.0095215,-0.02319336,0.06201172,1
960247,1.0117188,-0.02734375,0.06323242,1
960348,1.0112305,-0.024658204,0.056640624,1
960449,1.0102539,-0.026611328,0.05883789,1
960550,1.0053711,-0.024902344,0.05810547,1
960651,1.003418,-0.026855468,0.057861328,1
960752,1.0124512,-0.028564454,0.05493164,1
960853,1.0129394,-0.022460938,0.055908204,1
960954,1.0083008,-0.028564454,0.05053711,1
961055,0.965332032,-0.051513672,0.041503908,1
961156,0.9555664,-0.03564453,0.06738281,1
961257,1.0263672,0.08862305,-0.17260742,1
961358,1.003418,0.044433592,-0.053710936,1
961459,1.0405274,-0.05834961,0.28027344,1
961560,1.090332,0.2277832,0.43237304,1
961661,0.892334,-0.2265625,0.31933594,1
961762,0.63842776,0.2043457,0.4501953,1
961863,0.5698242,0.37231444,0.416015632,1
961964,1.0119629,0.7561035,-0.06665039,1
962065,0.885498064,0.46069336,0.175292976,1
962166,0.89501952,0.3881836,0.049804688,1
962267,0.92529292,0.4177246,-0.017089844,1
962368,1.0202637,0.31689452,0.1352539,1
962469,0.888916,0.60058592,0.30297852,1
962570,0.88671876,0.43359376,0.083740232,1
962671,0.9313965,0.64501952,0.0703125,1
962772,0.8112793,0.7163086,0.029785156,1
962873,0.70043944,0.74194332,-0.036132812,1
962974,0.5036621,0.8186035,-0.064697268,1
963075,0.31713868,0.7922363,-0.114746092,1
963176,0.0554199232,0.83447268,-0.100097656,1
963277,-0.6159668,-1.802002,1.03125,0
963378,1.0061035,0.16577148,0.15234375,0
963479,0.8708496,0.7548828,-0.114746092,0
963580,0.8059082,0.9243164,-0.12890625,0
963681,0.5163574,0.76831052,0.10595703,1
963782,0.55737304,0.86499024,0.032714844,1
963883,0.51708984,0.86865232,0.01586914,1
963984,0.41967772,0.8178711,0.0617675768,1
964085,-0.03955078,0.9350586,0.20092774,1
964186,1.310791,-0.08251953,0.14697266,1
964287,0.9868164,-0.016113282,0.183105468,1
964388,0.592041,0.1616211,0.048095704,1
964489,1.2858887,-0.2277832,-0.06274414,1
964590,0.9938965,-0.048095704,-0.15258789,1
964691,1.057373,-0.118652344,-0.2626953,1
964792,1.0366211,-0.049316408,-0.375732432,1
964893,0.8564453,-0.019042968,-0.427734368,1
964994,0.87597656,0.020263672,-0.3413086,1
965095,0.9543457,-0.011962891,-0.31079102,1
965196,1.999939,0.405517568,0.5439453,1
965297,1.0053711,-0.025634766,0.061523436,1
965398,1.003418,-0.031982422,0.068603512,1
965499,1.0151367,-0.021972656,0.060791016,1
965600,1.0178223,-0.019042968,0.057373048,1
965701,1.0124512,-0.021972656,0.06689453,1
965802,1.0168457,-0.02319336,0.061035156,1
965903,1.0036621,-0.0234375,0.053466796,1
966004,1.0065918,-0.020751954,0.059570312,1
966105,1.0075684,-0.024902344,0.067871096,1
966206,1.0070801,-0.021240234,0.059814452,1
966307,1.0092774,-0.025634766,0.052734376,1
966408,1.0075684,-0.02758789,0.06323242,1
966509,1.0117188,-0.020751954,0.05859375,1
966610,1.0083008,-0.029296875,0.05883789,1
966711,1.0109863,-0.03149414,0.05493164,1
966812,1.0109863,-0.0234375,0.05883789,1
966913,1.0070801,-0.022949218,0.06591797,1
967014,0.98095704,-0.022216796,0.088134768,1
967115,0.9562988,-0.0041503908,0.33813476,1
967216,0.91015624,0.2541504,0.09838867,1
967317,1.0222168,0.087402344,0.27368164,1
967418,0.7910156,0.5620117,-0.9050293,1
967519,0.6970215,-0.27246094,0.238281252,1
967620,1.3913574,-0.21923828,0.5270996,1
967721,0.6359863,0.39624024,0.5090332,1
967822,0.5324707,0.9362793,0.36450196,1
967923,0.009521484,0.89697268,0.168212892,1
968024,-0.9707031,0.78515624,0.1862793,1
968125,-0.5341797,0.6452637,0.080322264,0
968226,-0.486084,0.7866211,0.12695312,0
968327,-0.74365232,0.5839844,0.192138668,0
968428,-2.0,-0.349609368,-0.59472656,0
968529,0.50756836,-0.045898436,0.4963379,0
968630,1.182373,-0.16772461,0.28930664,0
968731,0.9382324,-0.10424805,0.36157228,1
968832,1.0476074,-0.12133789,0.336914036,1
968933,0.86572264,0.16699219,0.26538086,1
969034,0.920898464,0.199707024,0.28735352,1
969135,1.076416,0.061035156,0.2524414,1
969236,0.8635254,0.2944336,0.2421875,1
969337,0.3659668,0.6069336,-0.10058594,1
969438,0.62353516,0.8991699,-0.78100584,1
969539,0.75439452,0.4794922,-0.58374024,1
969640,0.96899416,0.50634768,-0.57128908,1
969741,0.9375,0.48046876,-0.45629884,1
969842,0.8725586,0.404541032,-0.28881836,1
969943,0.9255371,0.34106444,-0.18847656,1
970044,0.9086914,0.3112793,-0.13232422,1
970145,0.97265624,0.352050784,-0.12866211,1
970246,0.9719238,0.3996582,-0.13012696,1
970347,0.97387692,0.3334961,-0.12402344,0
970448,1.1657715,0.27148438,-0.1418457,0
970549,1.1516113,0.1784668,-0.02734375,0
970650,-0.12109375,1.0695801,-0.21777344,0
970751,-0.46362304,0.7290039,-0.199707024,0
970852,-0.34985352,0.83569336,-0.14501953,0
970953,-0.2163086,0.9177246,-0.15429688,1
971054,-0.182861332,0.9614258,-0.15820312,1
971155,-0.1262207,0.922851568,-0.14697266,1
971256,-0.0949707,0.97265624,-0.140625,1
971357,-0.19384766,0.9904785,-0.15722656,1
971458,-0.0546875,0.9016113,-0.10107422,1
971559,0.31811524,1.0280762,-0.191406252,1
971660,0.20336914,1.0373535,-0.11254883,1
971761,0.2084961,0.9555664,-0.103515624,1
971862,0.2800293,1.1154785,-0.1850586,1
971963,0.214111332,1.1035156,-0.13208008,1
972064,0.14990234,0.87939452,-0.05102539,1
972165,0.17993164,0.8515625,-0.0043945312,1
972266,0.29589844,0.898681664,-0.06274414,1
972367,0.34887696,0.9411621,-0.091796872,0
972468,0.15893554,0.9626465,-0.059326172,0
972569,-0.375732432,0.6953125,0.05419922,0
972670,-2.0,-2.0,0.48999024,0
972771,0.07519531,1.1550293,0.04638672,0
972872,0.9382324,0.45458984,0.38208008,1
972973,0.83374024,0.41186524,0.25439452,1
973074,0.8586426,0.478027336,0.25439452,1
973175,0.78808592,0.532959,0.222412116,1
973276,0.804931636,0.5761719,0.09423828,1
973377,0.08178711,0.5744629,0.03930664,1
973478,0.45092772,1.090332,-0.07739258,1
973579,1.5251465,0.7375488,-0.2355957,1
973680,0.048339844,0.7895508,-0.016357422,1
973781,1.0922852,0.57714844,-0.07714844,1
973882,0.72875976,0.61621092,0.0859375,1
973983,0.8227539,0.5734863,0.107421868,1
974084,0.7614746,0.5876465,0.08178711,1
974185,0.76708984,0.5534668,0.11206055,1
974286,0.87060544,0.32592772,0.2529297,0
974387,1.0957031,0.091552732,0.33251952,0
974488,1.1540527,-0.1845703,0.50561524,0
974589,-1.86645508,-1.6738281,0.5827637,0
974690,0.2878418,1.7609864,-0.28979492,0
974791,0.064208984,0.91137692,0.15454102,0
974892,0.06933594,0.94018552,0.018066406,0
974993,0.040283204,0.7988281,0.106933592,1
975094,0.13183594,0.9289551,0.03930664,1
975195,0.27148438,1.0888672,-0.07324219,1
975296,0.099121096,0.9868164,-0.08227539,1
975397,0.15356446,0.76000976,-0.14233398,1
975498,0.7097168,0.78637692,-0.984375,1
975599,0.15429688,0.6311035,-0.8864746,1
975700,-0.12084961,0.82470708,-1.1118164,1
975801,0.351074216,0.62719724,-1.0717774,1
975902,-0.4892578,0.84472652,-0.6274414,1
976003,-0.13305664,0.5942383,-0.43969728,1
976104,-0.03930664,0.7661133,-0.5332031,1
976205,-0.034423828,0.876709,-0.5600586,1
976306,0.14013672,0.9470215,-0.5517578,1
976407,0.17089844,0.8066406,-0.48168944,1
976508,0.18188476,0.9580078,-0.5065918,1
976609,0.076416016,0.94189452,-0.3696289,1
976710,0.13500976,0.92041016,-0.2915039,0
976811,0.15112304,1.0161133,-0.2409668,0
976912,0.4008789,-1.7023926,1.2390137,0
977013,1.4123535,0.056396484,-1.267334,0
977114,0.3996582,0.5090332,-0.5554199,1
977215,0.52490232,0.4892578,-0.6928711,1
977316,0.382324232,0.6503906,-0.6791992,1
977417,0.4326172,0.6923828,-0.68847656,1
977518,0.357666016,0.7109375,-0.71875,1
977619,0.3227539,0.695068336,-0.67822264,1
977720,0.245849616,0.66503908,-0.6538086,1
977821,0.26123048,0.73828125,-0.68310544,1
977922,0.27246094,0.74121096,-0.66381836,1
978023,0.32788086,0.70751952,-0.69140624,1
978124,0.31323242,0.746582036,-0.6977539,1
978225,0.3449707,0.6960449,-0.6816406,1
978326,0.29663086,0.73999024,-0.6870117,1
978427,0.31689452,0.7219238,-0.6916504,1
978528,0.28125,0.7495117,-0.67163084,1
978629,0.28833008,0.7150879,-0.6599121,1
978730,0.27661132,0.7392578,-0.6647949,1
978831,0.360107432,0.7199707,-0.7336426,1
978932,0.3317871,0.73413084,-0.73828125,0
979033,0.215576176,1.4807129,-1.1745606,0
979134,-0.475585952,-0.15234375,1.0366211,0
979235,-0.17895508,0.86328124,0.454833968,0
979336,0.115478516,1.453125,-0.11987305,1
979437,0.08691406,0.99072264,0.13110352,1
979538,0.118896488,0.913818336,0.14770508,1
979639,0.037353516,0.8796387,0.21191406,1
979740,0.15942383,0.8737793,-0.068359376,1
979841,0.468994136,0.9560547,-0.85180664,1
979942,0.6298828,1.0800781,-0.8469238,1
980043,0.24829102,0.904785136,-0.1796875,1
980144,0.213867184,0.76782224,-0.03515625,1
980245,0.2241211,0.9814453,-0.223144532,1
980346,0.18896484,1.128418,-0.1508789,1
980447,0.21655274,1.0837402,0.0061035156,1
980548,0.12451172,1.027832,0.18530274,1
980649,-0.021728516,0.67456056,0.5078125,0
980750,-0.0075683592,-0.20117188,0.412109368,0
980851,0.26953124,-0.0056152344,-1.2485352,0
980952,0.5070801,0.30517578,-0.476074216,0
981053,0.5180664,0.3305664,-0.7397461,1
981154,0.45043944,0.48754884,-0.7890625,1
981255,0.56884768,0.53125,-0.7919922,1
981356,0.4790039,0.5073242,-0.6940918,1
981457,0.44189452,0.5444336,-0.68530268,1
981558,0.3808594,0.6430664,-0.467041032,1
981659,0.41235352,0.57958984,-0.26513672,1
981760,0.97802732,0.3413086,-0.28173828,1
981861,1.3737793,-0.032714844,-0.50805664,1
981962,0.96240232,-0.012207031,-0.375244136,1
982063,1.2111816,0.00366210936,-0.42138672,1
982164,0.85180664,-0.15625,-0.412597668,1
982265,1.067627,-0.33666992,-0.2763672,1
982366,0.93847656,-0.1730957,-0.37109376,1
982467,0.8769531,0.0056152344,-0.26220704,1
982568,0.7158203,-0.046875,-0.20776367,1
982669,0.9003906,-0.106933592,-0.18041992,1
982770,0.67407224,-0.057861328,-0.30273438,1
982871,0.9807129,-0.07128906,-0.21020508,1
982972,0.61621092,-0.012451172,-0.4963379,1
983073,0.9707031,-0.047851564,0.12890625,1
983174,1.0078125,-0.029785156,0.064208984,1
983275,1.0085449,-0.024902344,0.068603512,1
983376,1.0068359,-0.023925782,0.05908203,1
983477,1.0102539,-0.0214843736,0.055664064,1
983578,1.0124512,-0.026367188,0.061035156,1
983679,1.010498,-0.02319336,0.05810547,1
983780,1.0048828,-0.026611328,0.0715332,1
983881,1.0244141,-0.017822266,0.0637207,1
983982,0.97802732,-0.03100586,0.1159668,1
984083,1.0200195,-0.025878906,0.060546876,1
984184,0.98999024,-0.05493164,0.1845703,1
984285,0.99975584,-0.024658204,0.056396484,1
984386,1.1530762,-0.030761718,0.0793457,1
984487,0.936035136,-0.009277344,0.30029296,1
984588,0.88720708,-0.037109376,0.6010742,1
984689,0.46313476,0.0009765625,0.8828125,1
984790,0.0075683592,-0.12963867,0.9030762,1
984891,-0.12670898,0.045898436,0.83374024,1
984992,-0.41333008,-0.06665039,0.8864746,1
985093,-0.17773438,-0.045410156,0.9711914,1
985194,-0.37719728,0.029541016,1.0664062,1
985295,-0.12792969,-0.072509768,0.9296875,1
985396,-0.080322264,-0.06616211,0.9777832,1
985497,0.12060547,0.20239258,1.0773926,1
985598,-0.33129884,-0.011230469,0.9626465,1
985699,-0.04248047,-0.015136719,0.929931664,1
985800,-0.15966797,-0.017333984,0.9650879,1
985901,-0.10107422,-0.025878906,0.9445801,1
986002,-0.10449219,-0.018798828,0.9433594,1
986103,-0.114990232,-0.0146484368,0.9501953,1
986204,-0.107177736,-0.017822266,0.9404297,1
986305,-0.15454102,-0.014404297,0.9555664,1
986406,-0.110839836,-0.019042968,0.9482422,1
986507,-0.12451172,-0.012451172,0.949218736,1
986608,-0.12231445,-0.01977539,0.9453125,1
986709,-0.11743164,-0.013671875,0.9421387,1
986810,-0.12207031,-0.016845704,0.93969732,1
986911,-0.12231445,-0.015136719,0.9458008,1
987012,-0.125,-0.022216796,0.9536133,1
987113,-0.11987305,-0.0175781252,0.95654296,1
987214,-0.12084961,-0.0126953128,0.949218736,1
987315,-0.11669922,-0.014404297,0.9484863,1
987416,-0.12036133,-0.017822266,0.9477539,1
987517,-0.12011719,-0.012939453,0.9433594,1
987618,-0.12133789,-0.018066406,0.94750976,1
987719,-0.1171875,-0.022216796,0.9406738,1
987820,-0.12353516,-0.016357422,0.938964864,1
987921,-0.12353516,-0.018310546,0.9460449,1
988022,-0.119140624,-0.018798828,0.9416504,1
988123,-0.122802732,-0.013671875,0.9477539,1
988224,-0.12597656,-0.017333984,0.9394531,1
988325,-0.118652344,-0.017333984,0.95092776,1
988426,-0.11450195,-0.016113282,0.94140624,1
988527,-0.123291016,-0.011962891,0.939209,1
988628,-0.12524414,-0.0146484368,0.939209,1
988729,-0.11401367,-0.018310546,0.9428711,1
988830,-0.123046872,-0.020751954,0.94433592,1
988931,-0.123291016,-0.018066406,0.9433594,1
989032,-0.11694336,-0.016113282,0.95166016,1
989133,-0.12207031,-0.015380859,0.9421387,1
989234,-0.12182617,-0.020507812,0.9501953,1
989335,-0.12182617,-0.016113282,0.9416504,1
989436,-0.12036133,-0.0146484368,0.9470215,1
989537,-0.12084961,-0.020263672,0.9394531,1
989638,-0.12573242,-0.016845704,0.9433594,1
989739,-0.12060547,-0.01586914,0.9399414,1
989840,-0.12036133,-0.018066406,0.9489746,1
989941,-0.11645508,-0.014160156,0.9536133,1
990042,-0.123046872,-0.020019532,0.94628904,1
990143,-0.11303711,-0.018554688,0.9379883,1
990244,-0.12036133,-0.0175781252,0.94799804,1
990345,-0.1237793,-0.018798828,0.94555668,1
990446,-0.122558592,-0.020263672,0.94799804,1
990547,-0.12353516,-0.018554688,0.94750976,1
990648,-0.15673828,-0.011230469,0.9663086,1
990749,-0.123046872,-0.017089844,0.957031232,1
990850,-0.103759768,-0.020507812,0.9375,1
990951,-0.1171875,-0.026855468,0.921875,1
991052,-0.32592772,0.02709961,0.10449219,1
991153,-0.12963867,-0.024902344,0.9128418,1
991254,-0.1628418,0.033203124,1.0270996,1
991355,-0.14501953,-0.025146484,0.92822264,1
991456,-0.12231445,-0.017822266,0.9448242,1
991557,-0.115234376,-0.010498047,0.94384768,1
991658,-0.27954102,-0.0075683592,0.97998052,1
991759,-0.373291016,0.03540039,1.003418,1
991860,-0.12353516,-0.0078125,0.9016113,1
991961,0.001953125,0.3408203,-0.14355469,1
992062,1.0014648,-0.08276367,0.05810547,1
992163,0.77734376,-0.13623047,0.3630371,1
992264,1.0112305,-0.020751954,0.06665039,1
992365,1.0114746,-0.026123046,0.06518555,1
992466,1.0100098,-0.026123046,0.0715332,1
992567,1.0090332,-0.0253906252,0.060546876,1
992668,1.0068359,-0.022705078,0.067871096,1
992769,1.0083008,-0.01953125,0.06640625,1
992870,1.0014648,-0.0146484368,0.068847656,1
992971,1.0063476,-0.026855468,0.056884764,1
993072,1.0085449,-0.021972656,0.06201172,1
993173,0.9748535,-0.02734375,0.11010742,1
993274,1.0244141,-0.02734375,0.07446289,1
993375,1.0168457,-0.02319336,0.07006836,1
993476,1.0175781,-0.0390625,0.04711914,1
993577,0.2939453,0.040039064,0.22509766,1
993678,1.0021973,-0.020751954,0.048828124,1
993779,0.9904785,-0.025146484,0.055908204,1
993880,1.0141602,-0.022949218,0.06591797,1
993981,1.0053711,-0.026123046,0.07446289,1
994082,1.0026856,-0.022949218,0.059814452,1
994183,0.8300781,-0.05810547,0.28637696,1
994284,1.0275879,-0.06298828,0.119628904,1
994385,1.0734863,-0.0021972656,0.0922851568,1
994486,1.0751953,-0.03515625,0.06958008,1
994587,1.0749512,-0.04321289,0.072509768,1
994688,0.95654296,0.05126953,-0.30639648,1
994789,0.8762207,-0.02734375,-0.57714844,1
994890,0.7766113,-0.02368164,-0.609375,1
994991,0.36791992,0.033447264,-0.96240232,1
995092,0.13500976,0.018798828,-1.0561524,1
995193,0.044433592,0.015625,-1.1057129,1
995294,0.048583984,0.05078125,-1.0793457,1
995395,0.13256836,0.021728516,-1.0087891,1
995496,0.13452148,0.01977539,-0.996582032,1
995597,0.13378906,0.01953125,-1.0134277,1
995698,0.12573242,0.018798828,-1.0095215,1
995799,0.07299805,0.021240234,-1.060791,1
995900,0.08959961,0.020019532,-1.0698242,1
996001,0.06518555,0.036132812,-1.1049805,1
996102,0.088378904,0.022705078,-1.092041,1
996203,0.08544922,0.024169922,-1.0634766,1
996304,0.09326172,0.01928711,-1.0654297,1
996405,0.09008789,0.022705078,-1.059082,1
996506,0.088378904,0.011962891,-1.0554199,1
996607,0.09082031,0.016357422,-1.0620117,1
996708,0.084472652,0.021728516,-1.0639648,1
996809,0.09057617,0.015625,-1.0725098,1
996910,0.08691406,0.020019532,-1.0637207,1
997011,0.095703128,0.020751954,-1.057373,1
997112,0.09326172,0.020507812,-1.0598144,1
997213,0.09887695,0.016601562,-1.0656738,1
997314,0.09082031,0.017333984,-1.0603027,1
997415,0.08984375,0.01586914,-1.0571289,1
997516,0.09106445,0.022705078,-1.0627442,1
997617,0.0922851568,0.01586914,-1.0563965,1
997718,0.09008789,0.020019532,-1.0620117,1
997819,0.08959961,0.017089844,-1.0632324,1
997920,0.0925293,0.017333984,-1.0646973,1
998021,0.08959961,0.014404297,-1.0583496,1
998122,0.08081055,0.018310546,-1.0620117,1
998223,0.08911133,0.0146484368,-1.0634766,1
998324,0.08984375,0.01953125,-1.0629883,1
998425,0.08618164,0.020019532,-1.0615234,1
998526,0.08935547,0.015380859,-1.0595703,1
998627,0.080566408,0.017089844,-1.0585938,1
998728,0.08959961,0.015380859,-1.0620117,1
998829,0.08520508,0.016601562,-1.0593262,1
998930,0.088134768,0.018554688,-1.0546875,1
999031,0.08911133,0.021972656,-1.059082,1
999132,0.084228516,0.021240234,-1.0651856,1
999233,0.08618164,0.01953125,-1.0585938,1
999334,0.08496094,0.0175781252,-1.064209,1
999435,0.08862305,0.011962891,-1.060791,1
999536,0.5571289,0.009277344,-1.208252,1
999637,0.876464832,0.36279296,-0.6020508,1
999738,1.0146484,-0.016845704,-0.6779785,1
999839,0.9958496,0.47070312,-0.5756836,1
999940,0.6958008,0.492675768,0.2133789,1
1000041,0.5600586,0.6057129,0.39501952,1
1000142,0.8054199,0.15234375,0.25830078,1
1000243,0.420166032,0.5666504,0.6477051,1
1000344,0.4790039,0.32104492,0.7126465,1
1000445,0.6894531,0.2607422,0.58569336,1
1000546,0.4880371,0.5708008,0.43945312,1
1000647,0.29248048,0.729248036,0.27856444,0
1000748,0.052734376,0.826416,0.10058594,0
1000849,-0.22924804,1.0061035,-0.09375,0
1000950,-0.215332032,-2.0,1.999939,0
1001051,0.7102051,0.67871096,-0.15039062,0
1001152,0.9934082,-0.19018554,0.51416016,0
1001253,1.1235352,-0.051757812,0.415039068,0
1001354,0.95874024,0.03881836,0.49243164,1
1001455,0.7167969,0.27490234,0.21948242,1
1001556,0.82055668,0.41674804,0.2133789,1
1001657,0.64331052,0.7783203,-0.015625,1
1001758,0.175781252,0.9099121,0.19482422,1
1001859,0.3293457,1.2104492,-0.16259766,1
1001960,0.09887695,1.1479492,-0.222656252,1
1002061,-0.21972656,0.8095703,-0.07714844,1
1002162,-0.230224616,0.84716796,-0.13085938,1
1002263,-0.11645508,0.9526367,-0.15893554,1
1002364,-0.015380859,0.9953613,-0.14916992,1
1002465,-0.013427734,0.99609376,-0.047851564,1
1002566,0.168457032,0.98095704,-0.078125,1
1002667,0.84887692,0.99975584,-0.048583984,1
1002768,1.1020508,0.7597656,0.1965332,0
1002869,-0.65234376,0.053710936,0.183593744,0
1002970,-0.95336916,0.6687012,0.06518555,0
1003071,-0.5476074,0.735351536,0.050048828,1
1003172,-0.2709961,0.7932129,0.103759768,1
1003273,-0.34936524,0.8798828,0.08691406,1
1003374,-0.40234376,0.920166,0.0029296876,1
1003475,-0.2602539,0.9074707,-0.20483398,1
1003576,-0.12890625,1.2770996,-0.6208496,1
1003677,-0.1015625,1.0187988,-0.30737304,1
1003778,-0.017822266,1.019043,-0.02368164,1
1003879,0.04638672,0.8222656,0.30029296,1
1003980,0.056396484,0.7133789,0.40942384,1
1004081,-0.11450195,0.7331543,0.36401368,1
1004182,0.14575196,1.0537109,0.1430664,1
1004283,0.140625,0.9938965,0.13867188,1
1004384,-0.022216796,0.890625,0.29223632,1
1004485,-0.035888672,0.87890624,0.31079102,1
1004586,-0.013671875,0.929931664,0.29003906,1
1004687,0.03564453,0.9321289,0.23291016,0
1004788,-0.055908204,0.9177246,0.32104492,0
1004889,-0.2861328,0.6130371,0.63378908,0
1004990,0.5070801,-1.3366699,-0.50805664,0
1005091,1.4655762,0.49047852,-1.6479492,0
1005192,0.0715332,0.17919922,-0.763916,1
1005293,0.01977539,0.86157224,-0.031982422,1
1005394,0.14526367,1.0024414,-0.12207031,1
1005495,0.2446289,0.920898464,-0.122558592,1
1005596,0.17333984,0.9267578,-0.10986328,1
1005697,0.183349616,1.114502,-0.44555664,1
1005798,0.3388672,0.9338379,-0.32080078,1
1005899,0.31640624,0.869384768,-0.2619629,1
1006000,0.25146484,0.9667969,-0.22705078,1
1006101,0.38452148,0.96655272,-0.34375,1
1006202,0.265625,0.90185544,-0.26293944,1
1006303,0.28442384,0.8874512,-0.27514648,1
1006404,0.32983398,0.9382324,-0.34033204,1
1006505,0.30517578,0.94677736,-0.32299804,1
1006606,0.29711914,0.95751952,-0.3190918,1
1006707,0.28051758,0.8977051,-0.3232422,0
1006808,0.31689452,0.9099121,-0.375244136,0
1006909,0.239257808,0.8605957,-0.3720703,0
1007010,-1.654541,0.008544922,-0.4645996,0
1007111,-0.038085936,0.245605468,0.7092285,0
1007212,0.31811524,0.468994136,0.7614746,0
1007313,0.8491211,1.999939,-1.4807129,1
1007414,0.13745117,0.8964844,-0.048339844,1
1007515,0.13647461,0.8469238,-0.024414062,1
1007616,0.30078124,1.001709,-0.21044922,1
1007717,0.2043457,0.904785136,-0.103515624,1
1007818,0.29174804,0.9577637,-0.13378906,1
1007919,0.26171876,0.9831543,-0.183105468,1
1008020,0.30517578,0.98095704,-0.175292976,1
1008121,0.230712892,0.94433592,-0.1171875,1
1008222,0.29907228,0.958251968,-0.1730957,1
1008323,0.26635742,1.0249024,-0.20410156,0
1008424,0.16357422,1.052002,-0.192382816,0
1008525,-0.34838868,0.78930664,0.060546876,0
1008626,-1.857666,-0.44018556,0.2397461,0
1008727,1.3344726,-0.40356444,0.6425781,0
1008828,0.8820801,0.40185548,0.32202148,0
1008929,0.088134768,0.8273926,0.091308592,1
1009030,0.51831052,0.797851568,0.024902344,1
1009131,0.5083008,0.90356448,-0.048339844,1
1009232,0.5456543,0.9272461,-0.11425781,1
1009333,0.49682616,0.8972168,-0.115722652,1
1009434,0.5522461,0.85595704,-0.1081543,1
1009535,0.4963379,0.9116211,-0.13623047,1
1009636,0.4819336,0.871582032,-0.09350586,1
1009737,0.56103516,0.8811035,-0.10083008,1
1009838,0.45825196,0.87597656,-0.07128906,1
1009939,0.44335938,0.87719732,-0.10668945,1
1010040,0.49780272,0.7609863,0.00048828124,0
1010141,0.62939452,0.7714844,-0.005859375,0
1010242,1.9440918,0.7866211,-0.5241699,0
1010343,-1.048584,-1.3513184,0.8310547,0
1010444,-0.76171875,1.67968752,-0.4609375,0
1010545,-0.107177736,0.15112304,0.3876953,1
1010646,0.46826172,0.8640137,0.07348633,1
1010747,0.15258789,1.0493164,-0.14941406,1
1010848,0.33032228,0.9567871,-0.13574219,1
1010949,0.37890624,0.8847656,-0.06298828,1
1011050,0.30639648,0.9211426,-0.099121096,1
1011151,0.24023438,0.90185544,-0.103759768,1
1011252,0.92529292,0.33081056,-0.008300781,1
1011353,0.76586916,0.4116211,-0.049316408,1
1011454,0.9328613,-0.214111332,0.3659668,1
1011555,1.2094726,-0.20214844,0.009765625,1
1011656,1.0998535,-0.2854004,-0.13989258,1
1011757,0.94677736,-0.245605468,-0.0053710936,1
1011858,0.9667969,-0.076416016,0.13476562,1
1011959,0.96972652,-0.122802732,0.190917968,1
1012060,0.97314456,0.168945316,0.199462892,1
1012161,0.818115236,0.040283204,0.3828125,1
1012262,0.9995117,0.5566406,0.14990234,1
1012363,0.889648464,0.6455078,0.15283203,1
1012464,0.7404785,0.6135254,0.42382812,1
1012565,1.0979004,0.30419922,0.3449707,1
1012666,0.7001953,0.468994136,0.3071289,1
1012767,0.784667968,0.46875,0.35717772,1
1012868,0.43847656,0.5539551,0.24169922,1
1012969,0.6237793,0.54418948,0.18041992,1
1013070,0.44458008,0.6726074,0.20922852,1
1013171,0.50439452,0.9291992,0.7194824,1
1013272,0.5644531,0.8527832,0.8093262,1
1013373,0.35229492,0.8144531,0.37841796,1
1013474,0.26953124,0.62524416,-0.043945312,1
1013575,0.6699219,0.31933594,-0.48950196,1
1013676,0.7429199,0.42358398,-0.43408204,1
1013777,0.9675293,0.12207031,-0.09790039,1
1013878,1.0585938,0.6152344,0.123046872,1
1013979,0.6098633,0.6472168,0.20117188,1
1014080,0.1303711,0.8408203,0.14697266,1
1014181,0.4807129,0.40405272,0.43847656,1
1014282,0.63061524,0.44848632,0.38720704,1
1014383,0.9272461,0.46777344,0.5048828,1
1014484,0.7167969,0.6130371,0.78564456,1
1014585,0.78515624,0.4020996,0.38720704,1
1014686,1.1262207,0.392333984,0.6188965,1
1014787,0.0029296876,0.7836914,0.8041992,1
1014888,0.3413086,0.46972656,0.09033203,1
1014989,0.1550293,0.97143552,0.2770996,1
1015090,0.6970215,0.720214836,0.13793946,1
1015191,1.2570801,0.83447268,0.1352539,1
1015292,0.52441408,0.7531738,0.14135742,1
1015393,0.3647461,0.8366699,0.29785156,1
1015494,0.44750976,0.8444824,0.11206055,1
1015595,0.111572264,0.9416504,0.052246092,1
1015696,0.6320801,0.40625,0.31811524,1
1015797,1.3498535,0.061523436,-0.38452148,1
1015898,0.30786132,0.51538084,-0.7128906,1
1015999,0.5439453,0.59936524,-0.64697268,1
1016100,0.21655274,0.894531264,-0.23291016,1
1016201,0.47094728,0.815917936,-0.18579102,1
1016302,0.4921875,0.8005371,-0.16333008,1
1016403,0.8059082,0.76220708,0.053710936,1
1016504,1.0314942,0.7922363,0.111572264,1
1016605,0.595459,0.7038574,-0.30322266,1
1016706,-0.230957032,0.77124024,-0.36889648,1
1016807,1.1962891,0.9265137,0.6352539,1
1016908,0.35131836,0.8059082,-0.07373047,1
1017009,0.4873047,0.82788088,-0.352050784,1
1017110,0.013183594,0.7182617,-0.31835938,1
1017211,0.029541016,0.7441406,-0.20410156,1
1017312,1.0327148,0.8798828,0.2956543,1
1017413,0.3190918,0.9538574,-0.016357422,1
1017514,0.099121096,0.9411621,0.11694336,1
1017615,0.230712892,0.952148432,0.238281252,1
1017716,0.2319336,0.9855957,0.1665039,1
1017817,0.23388672,0.9423828,0.17993164,1
1017918,0.29370116,0.952148432,0.206787108,1
1018019,0.40844728,1.0534668,0.4309082,1
1018120,0.028808594,0.9382324,-0.045898436,1
1018221,0.23632812,0.85180664,-0.17382812,1
1018322,0.5109863,0.796875,-0.22167969,1
1018423,0.71191408,0.7355957,-0.24145508,1
1018524,0.72143552,0.681884736,-0.245849616,1
1018625,0.84765624,0.4729004,-0.3371582,1
1018726,0.9812012,0.3762207,-0.35546876,1
1018827,0.8886719,0.42407228,-0.30810548,1
1018928,0.86987304,0.43945312,-0.29785156,1
1019029,0.854248064,0.459960936,-0.3076172,1
1019130,0.8901367,0.44702148,-0.33251952,1
1019231,0.871582032,0.4555664,-0.30908204,1
1019332,0.8779297,0.45117188,-0.30493164,1
1019433,0.8679199,0.453857416,-0.3100586,1
1019534,0.8244629,0.4609375,-0.27124024,1
1019635,0.8859863,0.46313476,-0.30566406,1
1019736,0.9067383,0.4453125,-0.29736328,1
1019837,1.456543,0.31933594,-0.3630371,1
1019938,0.64086916,0.59033204,-0.0024414062,1
1020039,-0.430175768,0.9379883,-0.10107422,1
1020140,-0.23217774,0.8305664,-0.29492188,1
1020241,-0.1496582,0.8210449,-0.421142584,1
1020342,-0.020019532,0.8432617,-0.5031738,1
1020443,0.037353516,0.93310544,-0.4440918,1
1020544,0.02368164,0.94384768,-0.44750976,1
1020645,0.0476074216,0.93725584,-0.4091797,1
1020746,0.06762695,0.9172363,-0.44067384,1
1020847,0.07324219,0.9213867,-0.4453125,1
1020948,0.05419922,0.92822264,-0.44702148,1
1021049,0.080566408,0.9296875,-0.4338379,1
1021150,0.06542969,0.92211912,-0.41577148,1
1021251,0.076416016,0.9025879,-0.45092772,1
1021352,0.045166016,0.9379883,-0.41748048,1
1021453,0.08886719,0.9333496,-0.3947754,1
1021554,0.060791016,0.93481448,-0.412109368,1
1021655,0.040039064,0.91918948,-0.4206543,1
1021756,0.059570312,0.9321289,-0.4326172,1
1021857,0.052490236,0.94018552,-0.4350586,1
1021958,0.05908203,0.9326172,-0.4177246,1
1022059,0.048583984,0.92871096,-0.4284668,1
1022160,0.0539550768,0.936035136,-0.43530272,1
1022261,0.06616211,0.94189452,-0.42700196,1
1022362,0.05493164,0.91967776,-0.42700196,1
1022463,0.04248047,0.9111328,-0.42236328,1
1022564,0.037841796,0.93530268,-0.42700196,1
1022665,0.006591797,0.8618164,-0.42651368,1
1022766,-0.19799804,0.9030762,-0.46362304,1
1022867,0.10229492,0.6044922,-0.23388672,1
1022968,1.7004394,0.2680664,-0.3684082,1
1023069,1.5895996,0.9226074,1.91992184,1
1023170,0.5734863,0.5349121,0.10546875,1
1023271,0.7763672,0.5966797,-0.013916016,1
1023372,0.920898464,0.46118164,-0.14794922,1
1023473,0.78222652,0.6047363,-0.18945312,1
1023574,0.748291,0.5390625,-0.05053711,1
1023675,0.62158204,0.60668948,0.1171875,1
1023776,0.84399416,0.5180664,-0.119628904,1
1023877,0.9367676,0.76000976,-0.22802734,1
1023978,0.7570801,0.78393552,-0.07324219,1
1024079,0.31396484,0.75683592,-0.115234376,1
1024180,0.10986328,0.73999024,-0.17773438,1
1024281,0.58032224,0.96435544,-0.14404297,0
1024382,0.2512207,0.9482422,-0.10449219,0
1024483,-1.3457031,0.392333984,-0.072509768,0
1024584,1.999939,-2.0,-2.0,0
1024685,0.66308592,0.26416016,-0.49853516,0
1024786,-0.15527344,0.67944332,0.24267578,0
1024887,0.5751953,0.7512207,-0.03149414,1
1024988,0.5661621,0.7661133,0.034179688,1
1025089,0.5822754,1.0405274,0.24365234,1
1025190,0.32958984,0.9550781,0.29858398,1
1025291,0.44213868,0.86157224,0.12573242,1
1025392,0.4416504,0.8640137,0.091552732,1
1025493,0.444824232,0.8588867,0.0793457,1
1025594,0.46484376,0.9033203,0.099609376,1
1025695,0.46972656,0.89697268,0.16064453,1
1025796,0.45922852,0.8847656,0.13378906,1
1025897,0.40307616,0.8679199,0.111328132,1
1025998,0.5263672,0.9367676,0.1484375,1
1026099,0.65234376,1.1008301,0.2553711,0
1026200,0.435791016,1.0263672,0.245361332,0
1026301,-1.0415039,-0.9013672,-0.9489746,0
1026402,-0.71850584,0.64282224,-0.057617188,0
1026503,0.34716796,1.0546875,0.22705078,0
1026604,0.54541016,0.92163084,-0.29174804,1
1026705,0.175292976,0.8383789,-0.13867188,1
1026806,0.45703124,0.83251952,-0.11743164,1
1026907,0.47583008,1.0026856,0.0952148432,1
1027008,0.29760742,0.92749024,0.087402344,1
1027109,0.459960936,0.965332032,0.060546876,1
1027210,0.55493164,0.952148432,0.06665039,1
1027311,0.4975586,0.86987304,0.03100586,1
1027412,0.49780272,0.8588867,0.013916016,1
1027513,0.49389648,0.8647461,0.037597656,1
1027614,0.47485352,0.869384768,0.032714844,1
1027715,0.52001952,0.8652344,0.037109376,1
1027816,0.48339844,0.9123535,0.07128906,1
1027917,0.35327148,0.8625488,-0.013671875,1
1028018,0.58691408,0.8132324,-0.00390625,1
1028119,0.64160156,0.88012696,0.006591797,1
1028220,0.4663086,0.851318336,-0.1694336,1
1028321,0.44018556,0.8713379,-0.05493164,0
1028422,0.40112304,0.48950196,-0.30541992,0
1028523,-0.26391602,0.79711912,1.7407226,0
1028624,-0.03491211,0.6875,1.97338868,0
1028725,0.12915039,0.5786133,0.791748036,0
1028826,0.5983887,0.46923828,0.040283204,1
1028927,0.3791504,0.7023926,-0.44311524,1
1029028,0.38354492,0.8088379,-0.26831056,1
1029129,0.37182616,0.9394531,-0.15112304,1
1029230,0.36938476,0.904541,-0.08325195,1
1029331,0.43139648,0.7907715,-0.05517578,1
1029432,0.45117188,0.9050293,0.19433594,1
1029533,0.45874024,0.892334,0.26220704,1
1029634,0.43188476,0.8486328,0.25268556,1
1029735,0.483642584,0.86816408,0.2854004,1
1029836,0.45043944,0.8598633,0.25341796,1
1029937,0.4140625,0.8269043,0.19458008,1
1030038,0.48291016,0.8742676,0.2836914,1
1030139,0.39526368,0.84643552,0.2253418,1
1030240,0.4182129,0.8586426,0.246582032,1
1030341,0.4663086,0.8781738,0.25219728,1
1030442,0.4116211,0.8613281,0.2409668,1
1030543,0.421142584,0.86328124,0.24316406,1
1030644,0.43603516,0.864501936,0.24047852,1
1030745,0.427734368,0.85668948,0.2475586,1
1030846,0.41845704,0.8713379,0.2524414,1
1030947,0.41796876,0.87109376,0.229980468,1
1031048,0.39453124,0.8581543,0.215087884,1
1031149,0.4128418,0.8581543,0.22753906,1
1031250,0.39916992,0.8859863,0.22143554,1
1031351,0.430175768,0.8808594,0.22827148,1
1031452,0.40527344,0.8864746,0.1953125,1
1031553,0.39257812,0.87524416,0.20361328,1
1031654,0.4309082,0.860351536,0.13989258,1
1031755,0.414550768,0.89208984,0.16455078,1
1031856,0.351074216,1.0092774,0.29663086,1
1031957,0.199462892,1.0087891,0.38842772,0
1032058,0.1809082,-0.064941408,-0.28125,0
1032159,1.6276856,-0.97558592,-1.4399414,0
1032260,0.470458968,0.35986328,-0.486084,0
1032361,0.1796875,0.8989258,-0.091552732,1
1032462,0.49731444,0.9152832,0.016601562,1
1032563,0.4941406,0.873535168,-0.080566408,1
1032664,0.46313476,0.8930664,-0.04736328,1
1032765,0.50927732,0.8894043,-0.08251953,1
1032866,0.4802246,0.87060544,-0.083496092,1
1032967,0.5065918,0.8942871,-0.048095704,1
1033068,0.4868164,0.898681664,-0.06640625,1
1033169,0.478515616,0.8835449,-0.07324219,1
1033270,0.4650879,0.8613281,-0.07910156,1
1033371,0.47143556,0.8803711,-0.087402344,1
1033472,0.468994136,0.88916016,-0.0703125,1
1033573,0.4885254,0.8828125,-0.061035156,1
1033674,0.49658204,0.8737793,-0.064208984,1
1033775,0.49658204,0.880615232,-0.056884764,1
1033876,0.4831543,0.8859863,-0.068847656,1
1033977,0.49291992,0.8935547,-0.08911133,1
1034078,0.48779296,0.8791504,-0.083984376,1
1034179,0.474609368,0.87939452,-0.08276367,1
1034280,0.46972656,0.898681664,-0.08496094,1
1034381,0.484130836,0.88378904,-0.080322264,1
1034482,0.48779296,0.8864746,-0.07763672,1
1034583,0.48901368,0.89941408,-0.11279297,1
1034684,0.4345703,0.8840332,-0.118652344,1
1034785,0.43432616,0.87939452,-0.08618164,1
1034886,0.46533204,0.92163084,-0.07519531,1
1034987,0.42993164,0.91748052,-0.07861328,1
1035088,0.45092772,0.9206543,-0.104003908,1
1035189,0.43481444,0.90283204,-0.09375,1
1035290,0.41796876,0.9067383,-0.08544922,1
1035391,0.43310548,0.91015624,-0.07055664,1
1035492,0.44018556,0.904541,-0.07128906,1
1035593,0.43554688,0.91918948,-0.064208984,1
1035694,0.4152832,0.9309082,-0.06933594,1
1035795,0.35791016,0.8984375,-0.07714844,1
1035896,0.44702148,0.9230957,-0.095458984,1
1035997,0.389892568,0.911865232,-0.083984376,1
1036098,0.42138672,0.907959,-0.07104492,1
1036199,0.413085936,0.913818336,-0.09692383,1
1036300,0.37109376,0.89086916,-0.080566408,1
1036401,0.38452148,0.9277344,-0.083496092,1
1036502,0.40478516,0.91552732,-0.09008789,1
1036603,0.396484384,0.93359376,-0.0925293,1
1036704,0.36987304,0.923584,-0.11376953,1
1036805,0.3227539,0.909667936,-0.07373047,1
1036906,0.368652336,0.9333496,-0.10961914,1
1037007,0.359375,0.93481448,-0.09790039,1
1037108,0.33129884,0.9267578,-0.10253906,1
1037209,0.37109376,0.9301758,-0.09277344,1
1037310,0.3671875,0.9428711,-0.09423828,1
1037411,0.3330078,0.93969732,-0.07739258,1
1037512,0.29833984,0.9343262,-0.09277344,1
1037613,-0.09375,0.8466797,0.022216796,0
1037714,0.61572268,0.22387696,0.024658204,0
1037816,1.123291,-0.33520508,-0.8688965,0
1037917,1.7722168,-0.19384766,-0.69677736,0
1038017,0.72387692,0.77001952,0.04663086,0
1038118,-0.022949218,0.7294922,0.3100586,0
1038219,-0.021240234,0.6772461,0.37646484,1
1038320,-0.06274414,0.9057617,0.19360352,1
1038421,0.045166016,0.9772949,0.10229492,1
1038522,0.00732421868,0.97314456,0.107177736,1
1038623,0.030761718,0.9267578,0.03466797,1
1038724,0.0952148432,0.9897461,0.0617675768,1
1038825,0.08300781,0.9875488,0.06665039,1
1038926,0.1171875,1.0129394,0.118896488,1
1039027,0.030761718,0.95874024,0.11987305,1
1039128,0.009277344,0.9116211,0.10595703,1
1039230,0.47436524,1.2722168,-0.075927736,1
1039330,-0.1184082,0.9147949,0.059814452,1
1039431,-0.15039062,0.7614746,0.014404297,1
1039533,0.39672852,1.1875,-0.16601562,1
1039634,-0.06640625,0.9782715,0.12060547,1
1039734,-0.05444336,0.851318336,0.072509768,1
1039835,0.223388668,1.1049805,-0.06518555,1
1039936,0.12207031,0.9797363,0.0397949216,1
1040037,0.18139648,1.0075684,0.05517578,1
1040138,0.1904297,0.9963379,0.037841796,1
1040239,0.12597656,0.9650879,0.030761718,1
1040341,0.167968752,0.9838867,0.00390625,1
1040441,0.16577148,0.98583984,0.037841796,1
1040543,0.12597656,0.9694824,0.037597656,1
1040643,0.14282226,1.0048828,0.0,1
1040744,0.12475586,0.9892578,0.01928711,1
1040846,0.13476562,0.9748535,-0.0078125,1
1040946,0.13012696,0.9824219,0.026123046,1
1041048,0.14086914,0.9951172,0.015136719,1
1041148,0.13696289,0.97558592,0.013671875,1
1041249,0.13476562,0.9807129,0.0214843736,1
1041350,0.1394043,0.9855957,0.024658204,1
1041452,0.14282226,0.9926758,0.014404297,1
1041553,0.10546875,0.9772949,0.015380859,1
1041653,0.15991211,0.9980469,0.018554688,1
1041754,0.1352539,0.9902344,0.034179688,1
1041856,0.14575196,0.98876952,0.018798828,1
1041956,0.14892578,0.9794922,0.023925782,1
1042057,0.08178711,0.9458008,0.049560548,1
1042158,0.045898436,0.888916,0.068359376,1
1042260,-0.016113282,0.90356448,-0.037841796,1
1042360,0.5979004,0.9001465,0.051513672,1
1042461,0.7126465,0.8742676,0.0063476564,1
1042563,0.76586916,0.68969732,-0.017089844,1
1042664,0.7336426,0.6779785,-0.05444336,1
1042765,0.708251968,0.6911621,0.0021972656,1
1042866,0.7297363,0.67333984,0.14013672,1
1042967,0.6501465,0.6374512,0.04272461,1
1043068,0.98291016,0.46411132,-0.13647461,1
1043169,1.1066894,0.049316408,-0.190673832,1
1043270,1.0046387,-0.10449219,0.14160156,1
1043371,0.945068336,0.05810547,0.07421875,1
1043472,0.8894043,-0.06347656,0.13598633,1
1043572,1.1611328,-0.16235352,0.26635742,1
1043674,0.9929199,-0.10498047,0.35327148,1
1043775,0.8745117,-0.09741211,0.30371094,1
1043876,0.8959961,-0.036132812,0.15185547,1
1043977,0.7631836,-0.10986328,0.3269043,1
1044078,0.8754883,-0.111328132,-0.03100586,1
1044179,0.83081052,-0.0847168,-0.20947266,1
1044280,1.0922852,-0.0214843736,0.026611328,1
1044381,1.03125,-0.0126953128,-0.040283204,1
1044482,1.0117188,-0.024414062,0.0068359376,1
1044583,1.013916,-0.02368164,0.00366210936,1
1044684,1.0100098,-0.026611328,0.013427734,1
1044785,1.0112305,-0.022705078,-0.018554688,1
1044886,1.0129394,-0.02368164,0.0061035156,1
1044987,1.0161133,-0.016357422,-0.012451172,1
1045088,1.0119629,-0.024414062,-0.0031738282,1
1045189,1.0102539,-0.024414062,-0.0126953128,1
1045290,1.015625,-0.030029296,0.004638672,1
1045391,1.015625,-0.02734375,-0.0107421868,1
1045492,1.0148926,-0.016601562,0.0012207031,1
1045593,1.0129394,-0.022216796,-0.010253906,1
